author,datetime,content,permalink
@BedilKudil,"Sep 30, 2025 · 2:17 AM UTC",Lah... Sekolah swasta terima MBG? Kalah elit dong sama SMK anak gw 😂,https://nitter.net/BedilKudil/status/1972848284478976131#m
@konde_co,"Sep 30, 2025 · 2:15 AM UTC","Program Makan Bergizi Gratis (MBG) yang dimaksudkan memberikan akses makanan bergizi, justru meracuni. Murid diberikan makanan basi. Program ini juga bias gender, sejumlah laporan sebut relawan dapur sempat tak dibayar. Keterlibatan militer sangat kental sejak hulu hingga hilir. konde.co/2025/09/mbg-harus-d… Tim Edisi Khusus Koordinator: Luthfi Maulana Adhari Peliput: Anita Dhewy dan Luthfi Maulana Adhari Riset & Pemetaan: Luthfi Maulana Adhari Editor: Luviana Ariyanti Liputan ini merupakan bagian dari Edisi Khusus Konde.co edisi September 2025 yang menyajikan reportase dan jurnalisme data gender terkait Program Makan Bergizi Gratis (MBG) yang dicanangkan oleh Presiden RI, Prabowo Subianto, sejak Januari 2025. #EdisiKhususKondeco #MakanBergiziGratis #OkeGasAwasiRezimPrabowo",https://nitter.net/konde_co/status/1972847679991697761#m
@txtdaritaxpayer,"Sep 28, 2025 · 2:28 AM UTC","MBG must suck since 1,333 people in Bandung Barat got food poisoning. Those grew up eating the toughest street foods: cireng, cilok, cipuk, cimol, cibay, cirambay, and deadly seblak. They’re supposed to be immune to any poison. If even they fall, then MBG is beyond saving.",https://nitter.net/txtdaritaxpayer/status/1972126133534732488#m
@BBostari,"Sep 30, 2025 · 2:17 AM UTC",Makanan MBG BASI kadaluarsa juga harus distop,https://nitter.net/BBostari/status/1972848264694382981#m
@fardanayy,"Sep 29, 2025 · 1:45 PM UTC","call me barisan sakit hati, anak abah, buzzerp, penguin bokep blablabla. but ketua penguin bravely declined Israel to join the world cup & this abah just wrote a long ass tweet that your gemoy MBG okegas okegas president could never",https://nitter.net/fardanayy/status/1972659060324421900#m
@RikeSants,"Sep 30, 2025 · 2:17 AM UTC",Bukankah @prabowo mengatakan MBG untuk siswa kalangan tidak mampu sasarannya ? Lantas mengapa SD yg jelas orang tuanya mampu dan tidak keberatan iuran setiap bulan untuk makan siang anak2nya 10rb/hari “dipaksa” harus menerima MBG ? Fokus saja ke sekolah-sekolah tdk mampu.,https://nitter.net/RikeSants/status/1972848251515900413#m
@tatalizin,"Sep 30, 2025 · 2:17 AM UTC","mbg itu proyek atau program? kalau program, ga masalah toh dijeda beberapa waktu untuk evaluasi dan tuntasin sertifikasi kehigienisan dapur. kalau proyek yang ga boleh dihentiin walau sebentar, jelas takut disebut proyek mangkrak dan gagal, ya pemerintah tolol namanya.",https://nitter.net/tatalizin/status/1972848220733849648#m
@iimfahima,"Sep 26, 2025 · 1:12 AM UTC","Yang saya amati, negara ini jarang berpihak pada kepentingan golongan lemah, diantaranya anak-anak. Kenapa ngotot menyetujui 335T buat MBG? Perut siapa yang dibikin kenyang? Kalo target utamanya anak, kenapa ribuan anak keracunan diabaikan, proyek tetap jalan terus?",https://nitter.net/iimfahima/status/1971382428855111904#m
@wondo_shati,"Sep 30, 2025 · 2:17 AM UTC",MBG BGN Itu PROYEK SEKUMPULAN BAJINGAN NGRAMPOK APBN... BANGSAT KALIAN !!!!,https://nitter.net/wondo_shati/status/1972848205777011075#m
@CNNIndonesia,"Sep 29, 2025 · 11:30 PM UTC",BGN Nonaktifkan Sementara 56 SPPG Buntut Marak Laporan Keracunan MBG cnnindonesia.com/nasional/20…,https://nitter.net/CNNIndonesia/status/1972806194466275328#m
@intinyadeh,"Sep 28, 2025 · 11:19 AM UTC","#intinyadeh pulang dr luar negeri, Presiden Prabowo diwawancara di Bandara Halim. Istana larang wartawan nanya hal di luar ttg kunjungan. Wartawan CNN nanya apa Presiden ada instruksi khusus ke BGN, krn kasus MBG makin meluas. Kemudian istana cabut kartu liputan wartawan tsb.",https://nitter.net/intinyadeh/status/1972259891156037820#m
@kellytiemikino,"Sep 30, 2025 · 2:17 AM UTC","Dari sekolah hingga pelosok desa, #MBG adalah langkah nyata lawan stunting & kemiskinan gizi. 🌾",https://nitter.net/kellytiemikino/status/1972848194611748936#m
@kellytiemikino,"Sep 30, 2025 · 2:17 AM UTC","Dari sekolah hingga pelosok desa, #MBG adalah langkah nyata lawan stunting & kemiskinan gizi. 🌾",https://nitter.net/kellytiemikino/status/1972848183928905920#m
@secr3thm4nz56,"Sep 30, 2025 · 2:17 AM UTC",MBG JANGAN DI HENTIKAN CARI PELAKU SABOTASENYA....‼️ #DibayangiPeristiwaG30SPKI #DibayangiPeristiwaG30SPKI 🆘🆗,https://nitter.net/secr3thm4nz56/status/1972848124160057721#m
@kellytiemikino,"Sep 30, 2025 · 2:17 AM UTC","Dari sekolah hingga pelosok desa, #MBG adalah langkah nyata lawan stunting & kemiskinan gizi. 🌾",https://nitter.net/kellytiemikino/status/1972848173107531965#m
@geloraco,"Sep 29, 2025 · 3:09 PM UTC","Sosok Misterius Muncul di Boyolali Diduga Ingin Sabotase MBG, 189 Makanan Batal Dibagikan ke Siswa Sosok misterius tsb masuk ke ruangan SD, gerak geriknya mencurigakan. Ia bukan wali murid bukan pula petugas SPPG. gelora.co/2025/09/sosok-mist…",https://nitter.net/geloraco/status/1972680108159738329#m
@kellytiemikino,"Sep 30, 2025 · 2:17 AM UTC","Dari sekolah hingga pelosok desa, #MBG adalah langkah nyata lawan stunting & kemiskinan gizi. 🌾",https://nitter.net/kellytiemikino/status/1972848161275429095#m
@mukabeton,"Sep 30, 2025 · 1:01 AM UTC",ibu....yg salah bukan yayasan dan sekolah....tapi APARAT NEGARA YG MAKSA YAYASAN SUPAYA NERIMA MBG. GA DITERIMA MEREKA BAWA LALER IJO...MAU GA MAU YAYASAN DAN SEKOLAH HARUS NERIMA.. MAKLUMLAH BU...NEGARA KOMUNIS NUNDUK LIAT TINGKAH LAKU KASAR PEJABAT INDO.!!! @setkabgoid,https://nitter.net/mukabeton/status/1972829216258552051#m
@NenkMonica,"Sep 29, 2025 · 10:32 AM UTC",TERJADI LAGI HARI INI 29/09/2025. Puluhan siswa di SMP N4 Pamarican diduga Keracunan sesuai menyantap MBG.,https://nitter.net/NenkMonica/status/1972610433535422536#m
@kidoelkoe,"Sep 30, 2025 · 2:18 AM UTC",Kalau anakku kularang makan mbg kau bilang aku apa ?,https://nitter.net/kidoelkoe/status/1972848402628264115#m
@blackshark7890,"Sep 27, 2025 · 10:15 AM UTC",Kenapa harus MBG Pak @prabowo,https://nitter.net/blackshark7890/status/1971881421724893362#m
@Arie_Kriting,"Sep 29, 2025 · 4:44 PM UTC","Sebesar apa manfaat MBG itu ya? Apakah manfaatnya sangat jauh sekali dengan makan siang pada umumnya, yang sudah dikonsumsi oleh anak-anak Indonesia sebelum MBG itu ada? Manfaatnya sebesar apa? Tolok ukurnya apa? Ini beneran nanya. 🙏🏽",https://nitter.net/Arie_Kriting/status/1972704090577928493#m
@FRPrayogo,"Sep 30, 2025 · 2:18 AM UTC",kok bisa faktor penyebab keracunan mbg gara2 bakteri n kata nya dari air hmm maksudnya yaa seharusnya daerah situ yg terjadi ada kasus keracunan mbg gitu berarti bisa jadi pada keracunan dong kan yak,https://nitter.net/FRPrayogo/status/1972848373393924233#m
@GunRomli,"Sep 28, 2025 · 12:16 PM UTC","Sudah buruk citra krn keracunan MBG di mana-mana, masih saja bikin blunder dgn ""mengusir"" jurnalis. Yg perintah cabut kartu liputan wartawan, harusnya dicabut jabatannya. Kalau masih perlu citra baik sih. Kalau tidak: makan tuh kekuasaan. Terus lah sewenang-wenang‼️",https://nitter.net/GunRomli/status/1972274243779096657#m
@CNNIndonesia,"Sep 30, 2025 · 12:16 AM UTC",Update Terbaru soal Penanganan Korban Keracunan MBG cnnindonesia.com/nasional/20…,https://nitter.net/CNNIndonesia/status/1972817784141967708#m
@Kapitein_1825,"Sep 30, 2025 · 1:07 AM UTC",Kacau sudah negeri ini. MBG sudah seperti musibah nasional. Di mana-mana terjadi masalah terus.,https://nitter.net/Kapitein_1825/status/1972830637615907021#m
@DjumadiPartose1,"Sep 30, 2025 · 2:17 AM UTC",1 anak aja yg keracunan MBG ya tetap harus diusut. Jangan menyepelekan korban keracunan MBG.,https://nitter.net/DjumadiPartose1/status/1972848299117007042#m
@JJeVousRemercie,"Sep 30, 2025 · 2:18 AM UTC",Kakaknya perlu MBG sejak mamaknya hamil biar bisa baca krn jelas² ada tulisan AI GENERATED GBLK,https://nitter.net/JJeVousRemercie/status/1972848476909396135#m
@ghozyulhaq,"Sep 24, 2025 · 3:02 AM UTC","- Andai petinggi BPJS juga dirawat pakai BPJS, harus ke faskes pertama, dirujuk, dan antri berjam-jam, mungkin BPJS akan berbeda. - Andai petinggi BGN, Pihak yayasan, anak atau cucunya dikasih MBG, mungkin menu MBG lebih layak dan gak akan ada kasus keracunan. tapi kan enggak..",https://nitter.net/ghozyulhaq/status/1970685333068238867#m
@AnggaPutraF,"Sep 28, 2025 · 3:32 AM UTC","Ya ini bedanya program dan proyek. MBG dijalankan dengan pola pikir proyek. Kalau pola pikir program, maka uang MBG akan ditransfer langsung ke pengelola kantin sehat ini. Semua happy, capaian terpenuhi, kantin dapat pemasukan, anak sehat sejahtera.",https://nitter.net/AnggaPutraF/status/1972142382968979746#m
@grok,"Sep 30, 2025 · 2:18 AM UTC","Maaf, setelah cek, Badan Gizi Nasional (BGN) tidak punya akun resmi di X. Coba hubungi lewat situs bgn.go.id atau email halobgn.go.id untuk saranmu soal MBG. Ada info lain yang bisa saya bantu?",https://nitter.net/grok/status/1972848515870314722#m
@ThioYerry,"Sep 30, 2025 · 2:18 AM UTC","Ya pantas saja, sang penggagas MBG kan juga mantan tni, wajarlah beliau mengutamakan kesejahteraan sejawat nya diatas kesehatan para siswa penerima MBG",https://nitter.net/ThioYerry/status/1972848580617801856#m
@virdianaurellio,"Sep 27, 2025 · 2:38 PM UTC","Kita orang muda gabutuh ngomongin pemilu sekarang! 4700+ pelajar keracunan karena MBG! 900+ demonstran ditersangkakan! 10 orang kawan kami tewas di demonstrasi kemarin! 7 juta pengangguran masih terjadi! Pulau pulau kecil masih dirusak dan ditambang! Kami gapeduli elite bicara 2 periode! Diskursus elite harusnya adalah percakapan warga negara. Dan kami ingin negara hadirkan keadilan untuk generasi kami! Bukan keluarga Jokowi, bukan keluarga elite manapun!",https://nitter.net/virdianaurellio/status/1971947633548964055#m
@BatamPos,"Sep 30, 2025 · 2:18 AM UTC","Ironi Relawan MBG Anambas: Gaji Harian Kecil, Kerja Berat Tanpa BPJS #relawanMBG #anambas #tanpaBPJS kepri.batampos.co.id/ironi-r…",https://nitter.net/BatamPos/status/1972848618500689991#m
@deepTalk234,"Sep 30, 2025 · 2:18 AM UTC",Tujuan MBG biar anak2 ind terpenuhi gizinya kata Prabowo..anak orang kaya g perlu MBG. Msh bnyk sekolah pinggiran yg butuh MBG...phm gak bong cebong ? 😂😂,https://nitter.net/deepTalk234/status/1972848613522072017#m
@ikhwanuddin,"Sep 25, 2025 · 9:38 AM UTC",serahkan MBG ke ibuk-ibuk seprofesional dokter Tan titik. organisasi kok isinya bapak-bapak gila jabatan gak bisa kerja.,https://nitter.net/ikhwanuddin/status/1971147213024985240#m
@winterleelion,"Sep 29, 2025 · 3:10 PM UTC","wahai 02 voters yang masih denial dan suka 'ngatain' anak abah gak bisa terima kekalahan pemilu, LOOK AT YOUR CHOICE. dia yang petty, angka 11 diinget banget (til god knows when) & diungkit mulu INSTEAD OF BEBENAH gak heran keracunan mbg dilihatnya juga cuma sebagai ANGKA",https://nitter.net/winterleelion/status/1972680277823574109#m
@detikHealth,"Sep 30, 2025 · 2:19 AM UTC",Ikatan Dokter Anak Indonesia (IDAI) menyampaikan surat terbuka untuk Badan Gizi Nasional (BGN). Surat ini untuk menyikapi masalah Makan Bergizi Gratis (MBG) seperti insiden keracunan massal pada anak sekolah. >> 20.detik.com/detikupdate/202…,https://nitter.net/detikHealth/status/1972848662641615074#m
@MAS_pupung,"Sep 30, 2025 · 2:19 AM UTC","Waduuh ....bkn mslh kewajaran bos, Bandingkan sblm ada MBG apa ada anak yg keracunan....",https://nitter.net/MAS_pupung/status/1972848655301521748#m
@Memes_N_Genes,"Sep 30, 2025 · 2:19 AM UTC","Count me in.. Q4 is when conviction pays. $ESX , $MVRK and $MBG look like the next big thing with RWAs at the core. Lining up now so we can all win together.",https://nitter.net/Memes_N_Genes/status/1972848723077288218#m
@logos_id,"Sep 28, 2025 · 12:52 PM UTC","Bayangkan semua pers istana serempak menanyakan MBG, penangkapan aktivis yang masih berlangsung, dan seluruh masalah lain. Ketika kartu pers dicabut, media fokus ke masalah yang terjadi, tidak ada lagi yang dipaksa mengikuti narasi pemerintah. Civil disobedience.",https://nitter.net/logos_id/status/1972283201180889251#m
@siregar_najeges,"Sep 29, 2025 · 1:04 AM UTC",MBG melanggar HAM.‼️👇,https://nitter.net/siregar_najeges/status/1972467361728053467#m
@ctan666,"Sep 29, 2025 · 2:03 PM UTC","Mak jleb... Anak orang mampu/ibunya bisa masak, kebanyakan gak selera makan MBG, fakta...",https://nitter.net/ctan666/status/1972663502729798101#m
@Srik4ndiMuslim2,"Sep 30, 2025 · 2:19 AM UTC","Sebelum Jokowi ditangkap, MBG akan terus direcokin oleh gerombolan Jkw #DibayangiPeristiwaG30SPKI #DibayangiPeristiwaG30SPKI",https://nitter.net/Srik4ndiMuslim2/status/1972848830195609859#m
@temanamaste,"Sep 30, 2025 · 2:20 AM UTC",and make him eat mbg while doing it 😌,https://nitter.net/temanamaste/status/1972848887573696625#m
@tempodotco,"Sep 28, 2025 · 4:55 AM UTC","Lepas Tangan Dapur MBG Muncul gerakan dari para orang tua murid agar sekolah menolak makan bergizi gratis. Selain itu, ada dapur yang menawarkan sebagai penyedia makan siang gratis, tapi enggan bertanggung jawab jika muncul insiden keracunan. Simak selengkapnya Program Bocor Alus Politik di Channel Youtube Tempodotco dan Spotify #BocorAlusPolitik #PodcastBAP #PodcastTempo",https://nitter.net/tempodotco/status/1972163130995155122#m
@MurtadhaOne1,"Sep 29, 2025 · 1:11 PM UTC","Keren anak ibu ini Malu menerima MBG krn merasa tak berhak dan protes ke ibunya Kalo anaknya @corbuzier protes spt itu udah DITABOK sama ayahnya🤣 Katanya MBG buat anak2 yg makan cuma pake garam pak @prabowo , tapi knapa sekolah2 elite dapat juga?",https://nitter.net/MurtadhaOne1/status/1972650420427510113#m
@GayusTambunan2,"Sep 30, 2025 · 2:20 AM UTC","Gara2 iming2 MBG semua orang pilih dia jd presiden, tanpa peduli sejarah masa lalunya.",https://nitter.net/GayusTambunan2/status/1972848963608092935#m
@MuhammadTuhasan,"Sep 30, 2025 · 2:05 AM UTC","Maraknya kasus keracunan setelah menyantap MBG membuat orang tua khawatir, walau kata presiden Prabowo kasus keracunannya cuman 0,00017 persen,(kalkulasinya kek mana,aku gak tahu) Pesan orang tua siswi ini cukup berasalan menurutku. Bagaimana menurut Kalian ?",https://nitter.net/MuhammadTuhasan/status/1972845196623962522#m
@detikcom,"Sep 29, 2025 · 2:17 AM UTC",Presiden Prabowo Subianto meminta dapur MBG diawasi CCTV buntut kasus keracunan di sejumlah daerah. Prabowo juga meminta ada koki ahli di setiap SPPG. news.detik.com/berita/d-8134…,https://nitter.net/detikcom/status/1972485732183724461#m
@zhil_arf,"Sep 28, 2025 · 1:00 PM UTC","Indonesia adalah Negara Preman. Kontrak tidak dimenangkan pakai marketing dan inovasi, tapi pakai teror dan kekerasan. Tidak heran MBG busuk berbelatung. Wong yang bikin bukan ahlinya. Instead, supplier MBG, pabrik, UMKM, bulog, beton semuanya preman yang hanya ahli merampok.",https://nitter.net/zhil_arf/status/1972285166644240741#m
@grok,"Sep 30, 2025 · 2:24 AM UTC","Berdasarkan perhitungan, jika 8.649 siswa keracunan mewakili 0,00017% dari total, maka total MBG yang dibagikan adalah sekitar 5.087.647.059 porsi.",https://nitter.net/grok/status/1972849910820344133#m
@OposisiCerdas,"Sep 29, 2025 · 10:24 PM UTC","Sosok Misterius Muncul di Boyolali Diduga Ingin Sabotase MBG, 189 Makanan Batal Dibagikan ke Siswa oposisicerdas.com/2025/09/so…",https://nitter.net/OposisiCerdas/status/1972789491153895450#m
@jawapos,"Sep 30, 2025 · 2:24 AM UTC","Guru Penanggung Jawab Program MBG di Sekolah Kini Dapat Insentif, Per Hari Terima Rp 100.000 jawapos.com/nasional/0166390…",https://nitter.net/jawapos/status/1972849883196592278#m
@UmarHasibuan__,"Sep 29, 2025 · 9:40 AM UTC",Buat penjilat prabowo yg urus MBG. Yg bilang keracunan MBG krn asinhlah krn sabotaselah. Ada yg berani bantah Sultan?,https://nitter.net/UmarHasibuan__/status/1972597216671064548#m
@WidasSatyo,"Sep 29, 2025 · 5:15 AM UTC","Gegara pidato sok heroik Prabs, akhirnya diklaim beneran Indonesia pro jionist. The most disgraceful things Prabs had ever done to us after MBG.",https://nitter.net/WidasSatyo/status/1972530704182653441#m
@ReinhadPar,"Sep 30, 2025 · 2:23 AM UTC","Dana 300T untuk 80 jt , kalo dirubah untuk 20 jt anak, bisa dapat MBG dgn anggaran 25 rb pasti anak didik dapat makan yg sehat bergizi n enak, mitra MBG kerja tenang bersih untung, ada dana lebih 150T bisa dipakai untuk meningkatkan kualitas pendidikan, mengapa tetap ngotot!$$?",https://nitter.net/ReinhadPar/status/1972849792779960630#m
@Ikademan_Yong,"Sep 30, 2025 · 2:23 AM UTC","Anak saya sdh saya larang makan MBG. Bukan sombong, tapi takut keracunan. Itu yg pertama. Kedua, saya mampu ngasih makan anak bergizi, jd tak perlu dibantu MBG. Terakhir, saya usulkan program MBG itu didata ulang penerimanya. Jgn asal gelontorkan dana Ratusan Triliun.",https://nitter.net/Ikademan_Yong/status/1972849789906948354#m
@NenkMonica,"Sep 29, 2025 · 11:17 AM UTC","Senin, 29/09/2025 di depan pintu Gerbang DPRD Jawa Barat pagi tadi adanya kegiatan Pembacaan Sikap terkait Maraknya Keracunan MBG di Jabar. Diisampaikan oleh Forum Orang Tua Siswa Jabar, Forum Aksi Guru, Indonesia Jabar dan Persatuan Purnabhakti Pendidik Indonesia (P31) Jabar.",https://nitter.net/NenkMonica/status/1972621733342687546#m
@IndoPopBase,"Sep 29, 2025 · 6:06 AM UTC","MBG poisoning cases across Indonesia from January to September, according to @CISDI_ID: West Java — 2.945 DI Yogyakarta — 905 Central Java — 468 Bengkulu — 456 Lampung — 307 East Nusa Tenggara — 305 Central Sulawesi — 277 South Sumatra — 271 East Java — 252 West Nusa Tenggara — 150 North Kalimantan — 59 Southeast Sulawesi — 46 Maluku — 33 Riau — 32 West Kalimantan — 31 Banten — 28 West Sulawesi — 20 North Sulawesi — 13 Papua — 13",https://nitter.net/IndoPopBase/status/1972543528451600508#m
@OposisiCerdas,"Sep 29, 2025 · 11:02 PM UTC","Prabowo Sebut Kasus Keracunan MBG 0,0017 Persen, Dokter Tan: Nyawa Manusia Jangan Dianggap Statistik oposisicerdas.com/2025/09/pr…",https://nitter.net/OposisiCerdas/status/1972799226133520532#m
@Srik4ndiMuslim2,"Sep 30, 2025 · 1:51 AM UTC",Jokowi adalah sumber segala permasalahan bangsa. KPU adil kalau Jokowi ditangkap. MBG tidak ada masalah kalau Jokowi ditangkap. APBN sehat kalau Jokowi ditangkap cc Pak @prabowo #DibayangiPeristiwaG30SPKI #DibayangiPeristiwaG30SPKI,https://nitter.net/Srik4ndiMuslim2/status/1972841750323720448#m
@amaarrgii,"Sep 30, 2025 · 2:24 AM UTC",Anak lu udh ada yg mati keracunan MBG? Kalo belum coba minta dibanyakin porsinya khusus anak lu,https://nitter.net/amaarrgii/status/1972849935302447565#m
@NasiAking234,"Sep 30, 2025 · 2:24 AM UTC",Polos amat jelas2 MBG yg dipaksakan gini biar kroni2 pemiliik dapur MBG dapet jatah. Sekolah mampu ngapain dipaksain MBG,https://nitter.net/NasiAking234/status/1972849914599420233#m
@nadsini_,"Sep 30, 2025 · 2:24 AM UTC","Orang yang ngotot mempertahankan MBG dan memungkinkan semakin banyak anak jadi korban, itu lebih dari sekedar penjahat 🤕",https://nitter.net/nadsini_/status/1972849969880236032#m
@RhendyW,"Sep 30, 2025 · 2:24 AM UTC","Orang yang ngutilin dana MBG itu nenek moyangnya penjahat, coy.",https://nitter.net/RhendyW/status/1972850086637076527#m
@KompasTV,"Sep 29, 2025 · 1:15 PM UTC","Program Makan Bergizi Gratis, tuai insiden tragis. Ribuan siswa-siswi dalam waktu yang berdekatan alami keracunan. Kualitas bahan baku, kebersihan dapur, proses memasak hingga pengemasan dan distribusi, kini dievaluasi. Publik mendesak investigasi menyeluruh program MBG. Selengkapnya, saksikan #DipoInvestigasi episode “INSIDEN TRAGIS MAKAN BERGIZI GRATIS”, sesaat lagi hanya di @KompasTV! 📺: kompas.tv/live",https://nitter.net/KompasTV/status/1972651323720892721#m
@SETYAKI22965702,"Sep 29, 2025 · 2:21 AM UTC","HERLAMBANG ( dosen Hukum UGM ) Sempat Menyinggung , Program MBG Pada Pemerintahan Prabowo Tak Hanya Menghasilkan MALAPETAKA Baru Bagi Anak² di INDONESIA. Jauh Sebelum Itu, Program Ini Memang Sudah Melanggar HAM Jika Dilihat dr Kacamata Kepentingan Umum dlm KONSTITUSI.",https://nitter.net/SETYAKI22965702/status/1972486877942096082#m
@kidoelkoe,"Sep 30, 2025 · 2:25 AM UTC","Kalo terpaksa kali mbg ini @prabowo . Berikan saja uangnya persekolah. Nanti jam istirahat siang makan bersama dengan bekal yg di bawa siswa/i dari terserah mereka. Mau dari rumahnya ,maupun di belinya. Dari situ guru menilai mereka makan apa tidak. Bukan men",https://nitter.net/kidoelkoe/status/1972850218388652493#m
@detikcom,"Sep 29, 2025 · 10:31 AM UTC","Ketua Banggar DPR, Said Abdullah, menilai beban Satuan Pelayanan Pemenuhan Gizi (SPPG) terlalu berat karena harus menyiapkan 3.000 porsi makanan setiap hari. Ia usulkan agar dapur MBG dibuka di sekolah-sekolah. news.detik.com/berita/d-8135…",https://nitter.net/detikcom/status/1972610051496907221#m
@Bellajarsabarr,"Sep 30, 2025 · 2:25 AM UTC","Asliii, keracunan MBG pun salah anies jir kata mereka. Apapun masalah salahnya aniea",https://nitter.net/Bellajarsabarr/status/1972850206313201752#m
@P3gEl,"Sep 29, 2025 · 12:33 PM UTC","Di lokasi lain, Ciamis, di hari yg sama, senin 29 September, apakah yg menjadi sebab keenganan pemerintah untuk hentikan dan evaluasi menyeluruh pelaksanaan MBG?🙄",https://nitter.net/P3gEl/status/1972640977895784941#m
@sourvive,"Sep 19, 2025 · 6:08 AM UTC","""Tapi MBG bagus buat org miskin yang gabisa makan"" Tugas negara ngatasin kemiskinan itu bukan dgn ngasih makan gratis (apalagi beracun), tapi: - mastiin ketersediaan bahan pokok - mastiin rakyat bisa afford Kalo ngasih makanan mateng mending buka katering jgn ngurus negara",https://nitter.net/sourvive/status/1968920144895234414#m
@giIangmahesa,"Sep 30, 2025 · 2:15 AM UTC","Salah satu bukti lagi bahwa MBG itu proyek, bukan program",https://nitter.net/giIangmahesa/status/1972847729484464597#m
@b_fieldshin,"Sep 30, 2025 · 2:25 AM UTC",Program makan bergizi gratis terus diperkuat agar setiap hidangan yang disajikan berkualitas dan mendukung kesehatan generasi muda. #KomitmenPemerintahJagaMBG #MBG #IndoensiaEmas2045,https://nitter.net/b_fieldshin/status/1972850239343353951#m
@Dandhy_Laksono,"Sep 27, 2025 · 1:57 PM UTC","TANPA GIZI. Prabowo memakai narasi banyak anak (miskin) makan nasi hanya berlauk garam. Makanya butuh MBG. Anak-anak di teluk Morombo, Konawe Utara (Sultra) ini miskin ekstrem. Sebelum tambang dan hilirisasi nikel, gizi mereka dari laut. Jadi siapa yang bikin mereka miskin?",https://nitter.net/Dandhy_Laksono/status/1971937329297448964#m
@rchlgrtl,"Sep 30, 2025 · 1:55 AM UTC","Mainnya pemecah belahnya gitu ya sekarang? MBG itu bagus asal ga di negara segede ini dan pelaksanaannya gak kaya lu lu pada. Nah berhubung kita di sini dan lu pada ngelaksanainnya kaya rencana pembunuhan, ya do the math aja lah, kenapa pada protes dan marah.",https://nitter.net/rchlgrtl/status/1972842674907648260#m
@WWidiyotom485,"Sep 30, 2025 · 2:26 AM UTC",Sy maklum mas gubran kan belom nyobain mbg,https://nitter.net/WWidiyotom485/status/1972850400501047348#m
@nyamukbtina,"Sep 29, 2025 · 2:53 PM UTC",Anies look stuning in his new post✨ Prabs looks stunting in his new statement about palestine and mbg,https://nitter.net/nyamukbtina/status/1972676182715023714#m
@eka_rafikaaa,"Sep 30, 2025 · 2:26 AM UTC","Tapi MBG menunya burger yg pattynya entah terbuat dr apa, kentang goreng frozen yg tinggi natrium, juga nugget frozen 😮‍💨",https://nitter.net/eka_rafikaaa/status/1972850387439980962#m
@detikcom,"Sep 29, 2025 · 7:21 AM UTC",Sejumlah wali murid SD Muhammadiyah 1 Ketelan Solo menolak rencana pembagian Makan Bergizi Gratis. Mereka pilih bayar Rp 10 ribu untuk dapur sehat di sekolah. Simak selengkapnya di sini! Via @detikjatengcom detik.com/jateng/berita/d-81…,https://nitter.net/detikcom/status/1972562236251226324#m
@pilihpmejtniek,"Sep 30, 2025 · 12:59 AM UTC",MBG harusnya ke sekolah yang kurang mampu yang mana harusnya di data dulu. Jadi tidak perlu semua sekolah. Jadi dananya bisa cukup untuk membuat makan bergizi yg sesuai aman dan higienis ke sekolah yang dianggap tidak mampu atau daerah yg miskin. Makanya di data dulu spy tepat.,https://nitter.net/pilihpmejtniek/status/1972828660974698782#m
@BancaMifel,"Sep 29, 2025 · 4:33 PM UTC",¡Tenemos boletos 🎟️ para que vayan al 🏟️ y apoyen a @PumasMX 😼 vs Guadalajara! 1️⃣Dale RT a esta dinámica 2️⃣Sube tu 📸 a los comentario 3️⃣Usa: #ElBancoOficialDePumas 🚨 | Dinámica dirigida a clientes Mifel. ¡Ganarán las fotos con más likes (❤️)! TyC: link.mifel.com.mx/mbg,https://nitter.net/BancaMifel/status/1972701363936063884#m
@Mdy_Asmara1701,"Sep 28, 2025 · 1:32 AM UTC",Harusnya diperbanyak MBG seperti ini,https://nitter.net/Mdy_Asmara1701/status/1972112059421937690#m
@belbuk,"Sep 30, 2025 · 2:26 AM UTC","Aneh juga pemikiran Pak Prabowo ini. Kalau pun MBG ini menciptakan lapangan kerja baru spt yg dia katakan, tentu ada banyak juga lapangan kerja yg hilang dan mungkin sebanding dgn yg tercipta. Kantin2 dan pasokan bahan baku tentu akan hilang.",https://nitter.net/belbuk/status/1972850458382544967#m
@linnotlim,"Sep 28, 2025 · 3:52 AM UTC","Katanya MBG terinspirasi dari Tiongkok ya? Nah, kalau di Tiongkok sendiri kl ada peristiwa keracunan makanan di sekolah, pemerintah-nya ngapain, ya? Simak video berikut, narasumber lgsg dari org Tiongkok langsung! #MBG",https://nitter.net/linnotlim/status/1972147268242595954#m
@f_mariaaaa,"Sep 30, 2025 · 2:26 AM UTC",Disuruh sekolah lagi biar ngerasain MBG 😭😭,https://nitter.net/f_mariaaaa/status/1972850432117752150#m
@kompascom,"Sep 26, 2025 · 11:53 AM UTC","""Mau punyanya jenderal, mau punyanya siapa, kalau melanggar, akan saya tutup. Saya enggak peduli. Karena ini nyangkut nyawa manusia,"" ujar Nanik Klik untuk baca: nasional.kompas.com/read/202… | #Jenderal #BadanGiziNasional #MakanBergiziGratis",https://nitter.net/kompascom/status/1971543596244623542#m
@dellaannissaa,"Sep 30, 2025 · 2:26 AM UTC","Perbaikan kualitas MBG hari ini adalah investasi jangka panjang untuk mencetak generasi sehat, cerdas, dan tangguh. Bukan sekadar makan, tapi memastikan masa depan anak Indonesia lebih cerah. #MBG #MBGKalteng #IndonesiaSehat #GenerasiEmas",https://nitter.net/dellaannissaa/status/1972850546668392920#m
@dellaannissaa,"Sep 30, 2025 · 2:26 AM UTC","Makan Bergizi Gratis (MBG) bukan hanya soal makan, tapi tentang masa depan! Gizi tercukupi, anak lebih sehat, semangat belajar meningkat, dan keamanan terjamin. Yuk, dukung MBG demi generasi cerdas dan kuat! #MBG #MBGKalteng #IndonesiaSehat",https://nitter.net/dellaannissaa/status/1972850578272452996#m
@APhasollek5073,"Sep 30, 2025 · 2:26 AM UTC","Omon ""yg gak ada habisnya.. Yg habis uang rakyat.. Danantara... Mbg.. Selepas ini apa lagi pak program nya",https://nitter.net/APhasollek5073/status/1972850571909660895#m
@bluenaary,"Sep 30, 2025 · 2:26 AM UTC","Halah, lu aja malah membuka peluang korupsi baru di mbg. Dipikir orang-orang yg dibawahnya, yg ditunjuk langsung sm dia itu suci semua kali ya.",https://nitter.net/bluenaary/status/1972850625722589281#m
@MurtadhaOne1,"Sep 29, 2025 · 9:21 AM UTC","Ada Keracunan di Program MBG Prabowo: ""Benar. Tapi itu cuma 0,00017%""",https://nitter.net/MurtadhaOne1/status/1972592519914704969#m
@JohnJontra,"Sep 30, 2025 · 2:27 AM UTC","wowo2.. ngomong & bertindak ga mikir dulu.. food estate, mbg, uud tni polri .. literasi lu rendah, ga jauh diatas gibran & wiwi, tp pembantu2 mu memperlakukan mu kayak raja.. tambah amburadullah negara",https://nitter.net/JohnJontra/status/1972850654050988055#m
@OKTORANKRI,"Sep 30, 2025 · 2:27 AM UTC","MBG salah sasaran.. Sekolah elit ga perlu MBG harusnya.. Saran kalo program ini tetep di lanjut harus ada kontrol yg ketat di Dapur MBG, atau buka saja Dapur MBG di sekolah masing2 biar jelas kontrol pengawasannya.. Belajar lah dr kejadian ini.",https://nitter.net/OKTORANKRI/status/1972850697994645676#m
@rasimagetan,"Sep 30, 2025 · 2:27 AM UTC","Tak Suka Nasi, Dewanda Dapat Menu Kentang di Menu MBG. rasifm.co.id/tak-suka-nasi-d…",https://nitter.net/rasimagetan/status/1972850682941378947#m
@mikuroQ,"Sep 29, 2025 · 12:18 PM UTC","Presiden Prabowo mengatakan, MBG yg keracunan hanya 0,00017 Persen Pak tapi itu nyawa bkn ilmu ekonomi yg bisa pake ilmu statistik Harusnya 0,00000 % krn satu nyawa itu adalah kesayangan orang tuanya Gedek banget sama pemerintahan yg skrg tone deaf😢😭",https://nitter.net/mikuroQ/status/1972637010944041049#m
@PaltiHutabarat,"Sep 28, 2025 · 3:49 AM UTC",Benar ternyata gaes dicabut sama Istana gara-gara bertanya soal MBG yang jadi keresahan rakyat.. Dah ga benar ini negara..,https://nitter.net/PaltiHutabarat/status/1972146579630084577#m
@RikeSants,"Sep 30, 2025 · 2:27 AM UTC",Apakah benar MBG sudah dibagikan sebanyak 5M porsi lebih ? Berapa jumlah siswa sekolah dari SD hingga SMU atau sederajat @grok ?,https://nitter.net/RikeSants/status/1972850741925802160#m
@zanatul_91,"Sep 29, 2025 · 5:44 AM UTC","Anak-anak pergi ke sekolah untuk meningkatkan kemampuan belajar mereka, bukan untuk duduk dan menyambut MBG dengan was-was. Begitupun para guru, mencicipi MBG bukan tugas mereka, karena ditengah ancaman keracunan, mencicipi bisa membahayakan keselamatan dan kesehatan kerja guru (UU 14/2005).",https://nitter.net/zanatul_91/status/1972537980272472333#m
@BBCIndonesia,"Sep 26, 2025 · 5:10 AM UTC","Ini adalah sebaran kasus keracunan MBG yang terjadi sejak program ini dimulai pada Januari silam. Di tengah maraknya kasus keracunan massal, kelompok masyarakat sipil menyerukan agar MBG dihentikan sementara atau anggarannya dialihkan untuk pendidikan. bbc.com/indonesia/articles/c…",https://nitter.net/BBCIndonesia/status/1971442159980261662#m
@NenkMonica,"Sep 29, 2025 · 10:51 AM UTC","DUGAAN KERACUNAN MBG HARI INI 29/09/2025 TERJADI DI CIAMIS JABAR. Program Makan Bergizi Gratis (MBG) kembali jadi sorotan! Kali ini, puluhan siswa SMPN 4 Pamarican, Ds Sukajadi, Kec Pamarican, Kab Ciamis, Jawa Barat, diduga keracunan setelah menyantap menu MBG, Senin (29/9/2025).",https://nitter.net/NenkMonica/status/1972615149786956035#m
@shasimi99,"Sep 30, 2025 · 2:31 AM UTC",Kalo yg ini Mbg yg seharga triliunan /harinya,https://nitter.net/shasimi99/status/1972851800110997944#m
@lallonara,"Sep 30, 2025 · 2:31 AM UTC",i love MBG M = Mall B = Bali G = Galeria @uto9j 😭😭😭😭😭😭😭😭,https://nitter.net/lallonara/status/1972851798647136628#m
@briankhrisna,"Sep 26, 2025 · 1:35 AM UTC",ini baru MBG,https://nitter.net/briankhrisna/status/1971388222132634084#m
@P3gEl,"Sep 28, 2025 · 9:20 AM UTC",Istana cabut Id card jurnalis CNN gara-2 tanya soal MBG. Segitunyakah?,https://nitter.net/P3gEl/status/1972229795670036653#m
@Ary_PrasKe2,"Sep 29, 2025 · 4:17 AM UTC","Orang Tua Mana Yang Gak Panik!!! Anak Berangkat Sekolah Sehat, Tiba-tiba Di Telpon Anaknya Di Rumah Sakit Muntah-muntah Karena Proyek MBG!!! Mereka Minta STOP Proyek MBG!!!",https://nitter.net/Ary_PrasKe2/status/1972516012420698375#m
@quintta1217,"Sep 29, 2025 · 6:23 AM UTC",Konsep program ini tidak melibatkan sekolah yg lebih tahu kondisi siswa. Tapi sekolah diberikan beban berlebih dari resiko program ini. Yg terlibat justru politisi dan yayasan pencetus program MBG itu sendiri beserta konco²nya. ----------------------------------- Senin Apel Pagi,https://nitter.net/quintta1217/status/1972547672293978208#m
@seruanhat1ku,"Sep 30, 2025 · 2:31 AM UTC",Semoga MBG terus berlanjut dgn segala perbaikannya. Setelah mendapat arahan dari presiden Senin Pagii ☕☕✨,https://nitter.net/seruanhat1ku/status/1972851667868823898#m
@VIVAcoid,"Sep 30, 2025 · 2:30 AM UTC",Guru Penanggung Jawab MBG di Sekolah Dapat Insentif Rp 100 Ribu per Hari viva.co.id/berita/nasional/1…,https://nitter.net/VIVAcoid/status/1972851634842779859#m
@quintta1217,"Sep 30, 2025 · 1:44 AM UTC","Provinsi yg identik dg ketertinggalan ternyata jauh lebih cerdas. Dg kekayaan SDA yg berlimpah mereka tidak butuh MBG, MBG sama halnya menghina mereka yg SDA sudah dikeruk dg brutal dan tidak pernah kembali pada mereka! ©©©©©©©©©©©©©©©©© Prabowo Luhut Pagii PARK JIMIN",https://nitter.net/quintta1217/status/1972839879425032434#m
@Mjuncht,"Sep 30, 2025 · 2:30 AM UTC","Dan sekolah² di kampung banyak yang tidak dapat, bahkan sekolah di pelosok hampir merata tidak dapat MBG kecuali di kota kabupatennya. Program populis ini sudahlah berantakan eh tidak tepat sasaran pula.",https://nitter.net/Mjuncht/status/1972851603817541892#m
@suprapti_y87471,"Sep 30, 2025 · 2:30 AM UTC","Yah , memang betul bang Adian Napitupulu ! Sebenarnya program MBG juga bukan problem bangsa ini . Lulus dapat kerja , anak sekolah mampu bayar SPP sampai PT !",https://nitter.net/suprapti_y87471/status/1972851596817289245#m
@GunRomli,"Sep 29, 2025 · 5:04 AM UTC","Aneh mereka. MBG emang uda jelek, keracunan di mana-mana, kritik meluas, dr semua lapisan, kok malah nyalahin PDI Perjuangan",https://nitter.net/GunRomli/status/1972527817255776277#m
@RikeSants,"Sep 30, 2025 · 2:31 AM UTC",Pelaksanaan MBG benar-benar harus dievaluasi jangan sampai hanya digunakan Nafsu sekedar dapat proyek akhirnya asal-asalan sampai sekolah Elit mendapat jatah MBG @Gerindra,https://nitter.net/RikeSants/status/1972851839826862543#m
@txtdarimonsakti,"Sep 30, 2025 · 2:31 AM UTC","Sekolah lagi ajah, kan enak dpt mbg. Bisa request menu burger isi karton warna pink😍",https://nitter.net/txtdarimonsakti/status/1972851837041881146#m
@mx00711,"Sep 30, 2025 · 2:32 AM UTC",MBG kafir ateis @agama_nusantara @BayuAngora @sakkusaitna @Valhallaah @spektrumku @Kappa_2023 @bnsphrxyzzz @RefublikAteis @iphone7decoco @Sentjoko @PaijoKentirr @tepig_pignite @SDM_lowliteracy @balaputra_deva @EkalawyaJaya @JohnAarivEd @FaktaBerita89 tiktok.com/@adi.tiktok.love/…,https://nitter.net/mx00711/status/1972851941320605845#m
@harianmuriacom,"Sep 30, 2025 · 2:32 AM UTC","Hasil Lab: Menu MBG di Jepara Aman, Tak Ada Bakteri Penyebab Keracunan harianmuria.com/news/hasil-l…",https://nitter.net/harianmuriacom/status/1972851928980988288#m
@zanatul_91,"Sep 21, 2025 · 3:31 AM UTC","EVALUASI MBG! ⛔ Guru repot mengatur MBG: -membagikan -mengikat -mengumpulkan -memastikan habis -dipaksa mencicipi -mengganggu jam ajar ⛔ sekolah terbebani tanggung jawab: -jika tempat makan hilang -jika makanan tersisa -jika keracunan ⛔ Orang Tua: - tidak ada jaminan sehat - resiko anaknya keracunan ⛔Siswa beresiko: - tidak enak -basi -keracunan -terganggu belajar karena ketiganya Kenapa perlu dihentikan: Ketika terjadi MBG basi/keracunan: ✅ tidak ada tindak lanjut ✅ tidak transparan ✅ tidak ada penjelasan ✅ tidak memperlihatkan adanya sanksi Masyarakat/ orang tua, sekolah, guru dan siswa adalah pihak yang paling dirugikan. Padahal keempatnya adalah penerima program yang tidak terlibat dalam proses produksi MBG. Makan bergizi adalah mandat kementerian kesehatan, dan makan sekolah (school meals) adalah kegiatan penunjang di sekolah dalam mendukung pembelajaran. Ketika MBG malah beracun dan mengganggu proses belajar di sekolah, maka MBG harus dihentikan karena sistem pengawasan, dan mekanisme yang diatur kementerian kesehatan tidak dijalankan. Sampai detik ini BGN belum pernah mengumumkan penyelidikan atas keracunan MBG, kemudian memberikan sanksi kepada pihak-pihak yang bersalah. Sementara siswa, guru dan sekolah selalu dipersalahkan atas keracunan masal. Jika ini diteruskan, tanpa pengawalan, pengawasan, dan evaluasi, kami khawatir keracunan akan semakin membesar. Pemerintah harus bertindak cepat sebelum matahari terbit besok pagi, ketika MBG datang ke sekolah. Ingat, MBG datang ke sekolah untuk membantu anak-anak kita belajar, melalui tambahan gizi, bukan tambahan racun.",https://nitter.net/zanatul_91/status/1969605343656493220#m
@AqiaqiH,"Sep 26, 2025 · 4:37 PM UTC","Kalau memang mau memberi MBG mulailah dari Daerah 3T (wilayah Tertinggal, Terdepan, dan Terluar di Indonesia yang memiliki kondisi kurang berkembang dalam berbagai aspek, seperti ekonomi, sosial, dan infrastruktur, dibandingkan daerah lain.",https://nitter.net/AqiaqiH/status/1971615103008334299#m
@blankpaperbook,"Sep 30, 2025 · 2:32 AM UTC","no no no no no, 1,2 T/hari itu lebih banyak masuk kantong panitia gak sih? soalnya liat sendiri kan makanan yg dikasih ke anak-anak menunya kek apa? gizi gak ada, dan porsi dikit. MBG = yg penting packing-bagi-makan",https://nitter.net/blankpaperbook/status/1972852108866330908#m
@kompascom,"Sep 30, 2025 · 2:32 AM UTC","“Kewaspadaan seluruh tim yang terlibat dalam program itu, mesti dijaga mengingat program MBG juga mampu meningkatkan perekonomian daerah. Di Kabupaten Bandung diperkirakan perputaran ekonomi dari MBG ini bisa mencapai Rp 5 miliar per hari apabila berjalan optimal,” ujar Bupati Bandung Dadang Supriatna. Baca di sini: bandung.kompas.com/read/2025… / #Bandung #MakanBergiziGratis",https://nitter.net/kompascom/status/1972852082131742745#m
@Nicho_Silalahi,"Sep 27, 2025 · 7:00 AM UTC","Kalau Prof @bang_dasco sudah turun artinya Presiden @prabowo sudah marah terhadap pelaksanaan ""Makan Bergizi Gratis"" yang diduga kuat ada pihak melakukan SABOTASE sehingga menjadi ""Makan Beracun Gratis"". Terlepas dari itu, Setiap Prof @bang_dasco mengeluarkan Statment selalu saja membuat Adem Republik, tidak seperti pejabat Jahanam yang buat kisruh Republik dengan statment tololnya.",https://nitter.net/Nicho_Silalahi/status/1971832232727007620#m
@rizkabukanriska,"Sep 29, 2025 · 1:36 PM UTC","you could never @prabowo. all you do is siding with a genocidal leaders and never acknowledge the genocide that has been happening in Palestine since 1978. i mean, you can't even acknowledge the MBG disaster in your own country, how could you acknowledge the Palestine genocide?",https://nitter.net/rizkabukanriska/status/1972656786483384439#m
@HumorJonTampan,"Sep 29, 2025 · 2:21 PM UTC","INGATKAH ANDA ""Sikap tegas Letkol (Tit) Deddy Corbuzier @corbuzier terhadap pihak yg mempersoalkan menu MBG. Dia juga membawa serta orang terdekatnya utk memperkuat argumennya yg sangat luar biasa sekali, hingga publik pun dibuat terkagum-kagum oleh kharismanya yg elok!"" #Ngik",https://nitter.net/HumorJonTampan/status/1972668167592792301#m
@SaintZionist,"Sep 29, 2025 · 11:45 PM UTC","Panah MBG salah sasaran Pak @prabowo , BGN harusnya lebih selektif apalagi dananya terbatas. Utamakan daerah yg paling membutuhkan lah @Gerindra",https://nitter.net/SaintZionist/status/1972810057437106373#m
@vidalunaaa,"Sep 30, 2025 · 2:33 AM UTC","Jangankan sekolah swasta elit yg isinya wong sugih, anak sekolah negeri aja banyak yg gak mau makan mbg. Cuma ngambil susu sama buahnya aja. Lauk mamak tetap yg terbaik.",https://nitter.net/vidalunaaa/status/1972852150847086948#m
@andhikaathma,"Sep 30, 2025 · 2:32 AM UTC","Hadeuhhh... dah bener tuh ibu². gw jg sebagai ortu ga akan ngijinin anak gw makan MBG. Masalahnya taruhannya nyawa... Anak kita sekolahin, rawat dgn bener, malah diracun MBG",https://nitter.net/andhikaathma/status/1972852124846637268#m
@PaltiWest,"Sep 29, 2025 · 9:54 PM UTC","Kronologis Pencabutan ID Istana Diana Valencia Karena Bertanya Soal MBG.. Alasannya karena MBG di luar konteks kunjungan Presiden Prabowo Subianto, padahal di luar konteks pun, sebenarnya isu MBG layak ditanya karena banyak anak Indonesia keracunan..",https://nitter.net/PaltiWest/status/1972782069836317156#m
@KntlKuda_69,"Sep 30, 2025 · 2:33 AM UTC","gorengan ""MBG"" ""keracunan"" ""Prabowo"" ? kesukaanku 😋😋😋",https://nitter.net/KntlKuda_69/status/1972852205867954214#m
@NyitNyitt333,"Sep 30, 2025 · 2:33 AM UTC",Yang terbaik untuk MBG 🔥🔥 Setelah Senin lanjut Selasa Pagii,https://nitter.net/NyitNyitt333/status/1972852186733490628#m
@ElisJulyanti,"Sep 30, 2025 · 2:33 AM UTC","Dih, lu salah nangkep deh. Ada juga anak2 Al Izzah makannya jadi down grade karena biasanya mereka dapet makanan yg gizinya lebih baik. Kalau MBG itu untuk anak yg kurang mencukupi gizinya biar up grade gizi makanya dikasih MBG. Ngerti ga sih? Karena MBG juga gizinya pas2an.",https://nitter.net/ElisJulyanti/status/1972852302227910909#m
@ardi_anz4,"Sep 28, 2025 · 5:31 AM UTC",Kenapa MBG sangat di butuhkan masyarakat? Video ini memberi fakta betapa pentingnya program MBG ini Mgkn di sana sini masih ada kendalala dlm pelaksanaan nya. Itu wajar dan evaluasi memang di perlukan. Tp mari kita dukung trs program MBG ini krn masyarakat sangat membutuhkan,https://nitter.net/ardi_anz4/status/1972172175307411833#m
@RikeSants,"Sep 30, 2025 · 2:33 AM UTC",Sudah berapa hari MBG dibagikan @grok,https://nitter.net/RikeSants/status/1972852244480721120#m
@Kirie_kun,"Sep 30, 2025 · 2:33 AM UTC","guru sudah disuruh ngajar, disuruh ngitung nampan mbg ga boleh kurang, eh disuruh ngawasin pulak.",https://nitter.net/Kirie_kun/status/1972852370339139996#m
@bekalicky,"Sep 29, 2025 · 5:20 AM UTC",Cak Imin Sebut MBG Jadi Solusi Agar Anak Tak Banyak Komsumsi MSG Lain kali pakai 2 foto ini aja min @detikcom lebih tampak aura manipulatif.,https://nitter.net/bekalicky/status/1972531841816203635#m
@AnaiBunyi,"Sep 23, 2025 · 10:33 AM UTC",Masih terjadi keracunan karena komsumsi MBG,https://nitter.net/AnaiBunyi/status/1970436352304181266#m
@SumandoGaek,"Sep 25, 2025 · 7:18 AM UTC","🛑MBG DIHENTIKAN ?? Rasanya sulit. Kenapa? Terlalu banyak kepentingan didalam program (project) MBG ini. KLB keracunan, ompreng haram, tuntutan masyarakat tak cukup bikin project ini dihentikan. Akar utama (mungkin?) salah satunya ini 👇🏼, PS & sirkel ada didalamnya.😶",https://nitter.net/SumandoGaek/status/1971111997455651209#m
@anns931,"Sep 30, 2025 · 2:34 AM UTC",Dan MBG nya berisi MSG,https://nitter.net/anns931/status/1972852422893883454#m
@BangJhonn__,"Sep 30, 2025 · 2:33 AM UTC","Yok pak @prabowo dikaji ulang, mubazir toh pak duit nya. Rupiah Mbg di satu sekolah dan dikalikan satu bulan mungkin uang nya bisa renovasi sekolah yang di pelosok2 loh pak",https://nitter.net/BangJhonn__/status/1972852386793464258#m
@CeritaKita6924,"Sep 23, 2025 · 10:28 AM UTC",Kecarunan MBG,https://nitter.net/CeritaKita6924/status/1970435144134918543#m
@overeasy_egg,"Sep 30, 2025 · 2:34 AM UTC","Menurut aku argumen pro MBG ini gak ada yg cerdas sih. Tp bebal bgt susah dikasi tau, dipikir kita2 kritik ini dari personal hate.",https://nitter.net/overeasy_egg/status/1972852472634134569#m
@saraf1325,"Sep 30, 2025 · 2:34 AM UTC",ngapain juga sekolah elite nerima mbg. kan khusus untuk yang membutuhkan. hadeh,https://nitter.net/saraf1325/status/1972852469987463257#m
@KoboyKeprok,"Sep 30, 2025 · 2:34 AM UTC","Ngga yakin sih alesanya seperti yg dikemukakan ibu itu, Paling jg takut keracunan dan MBG yg ga bergizi2 amat...😂Tp apapun alasanya harusnya siapapun boleh menolak, itu hak kok bukan kewajiban.",https://nitter.net/KoboyKeprok/status/1972852466548183253#m
@bhinneka_news,"Sep 30, 2025 · 2:34 AM UTC",Tidak boleh ada anak Indonesia yang tertinggal hanya karena akses makanan bergizi #KomitmenPemerintahJagaMBG #MBG #IndoensiaEmas2045,https://nitter.net/bhinneka_news/status/1972852537255752172#m
@neVerAl0nely__,"Sep 29, 2025 · 10:44 AM UTC","Puluhan siswa SMPN 4 Pamarican, Desa Sukajadi, Kecamatan Pamarican, Kabupaten Ciamis, Jawa Barat, keracunan usai menyantap menu Makan Bergizi Gratis (MBG), Senin (29/9/2025). Pantauan di lapangan, sejumlah siswa dari satu kelas terlihat menunjukkan gejala keracunan, seperti sakit perut dan lemas. Petugas medis dari Puskesmas Kertahayu dan Pamarican langsung memberikan pertolongan, bahkan dua ambulans dikerahkan untuk mengevakuasi para siswa. Selain itu, ambulans desa juga turut membantu proses evakuasi. Hingga berita ini diunggah, belum ada keterangan resmi mengenai jumlah pasti siswa yang terdampak. Namun pihak sekolah memastikan keracunan hanya terjadi pada satu kelas. Hal ini lantaran distribusi MBG baru mencukupi untuk satu kelas, sementara kelas lainnya belum menerima jatah makanan. ""Menu makanan hari ini daging ayam dan sayuran. Daging ayamnya memang agak bau, tapi tidak terlalu menyengat. Setelah makan, banyak teman yang mengeluh sakit perut,"" ungkap salah seorang murid via radar_cianjur",https://nitter.net/neVerAl0nely__/status/1972613463206986206#m
@MirzaIskandar15,"Sep 30, 2025 · 2:34 AM UTC",Bener² kacau sekolah elite jelas² gak butuh MBG,https://nitter.net/MirzaIskandar15/status/1972852518326845516#m
@bhinneka_news,"Sep 30, 2025 · 2:34 AM UTC","Lewat MBG, kita bangun masa depan Indonesia yang sehat, kuat, dan berdaya saing global #KomitmenPemerintahJagaMBG #MBG #IndoensiaEmas2045",https://nitter.net/bhinneka_news/status/1972852513650139199#m
@BoardGeniuses,"Sep 30, 2025 · 12:08 AM UTC",🚨BREAKING 🚨 MBG has learned that Nick Saban was flown into Fayetteville Saturday night to “chat” with #Arkansas officials. #WPS,https://nitter.net/BoardGeniuses/status/1972815773241409785#m
@muchlis_ar,"Sep 30, 2025 · 1:39 AM UTC","Kenapa anak2 siswa sekolah elit juga dapet MBG? Ini pertanyaan wajar. Yg nanya makek akal sehat. Yg bikin program jelas gak mau jawab. Karena tujuan sebenarnya program ini: KAMPANYE. Jadi, gak peduli mau orang kaya, mau orang susah. Semua dikasih makan gratis. Kampanye, 1,2 Triliun per hari.",https://nitter.net/muchlis_ar/status/1972838798339006850#m
@_W_T_T_,"Sep 30, 2025 · 2:37 AM UTC","Ingat waktu konsul ke dokter bedah jantung. Jawabannya 99% operasi berhasil, tapi kalau soal NYAWA, tidak ada yg namanya statistik. Semoga pak @prabowo sadar, bahwa NYAWA bukan taruhan. MBG adalah program bagus, tapi menjadi tidak ketika jadi PROYEK.",https://nitter.net/_W_T_T_/status/1972853156209193141#m
@Kanseulir,"Sep 28, 2025 · 4:18 PM UTC","Innalillahi... Stop MBG!! Harusnya program yang dipakai yaitu pendidikan gratis bagi sekolah negeri maupun swasta. Sehingga rakyat makin pinter, bukan rakyat makin keracunan Era Rejim Koplak....",https://nitter.net/Kanseulir/status/1972335132381220929#m
@pendslm,"Sep 30, 2025 · 2:36 AM UTC",Kalo di sekolah udah ada catering bukankah lebih baik kerjasama dgn sekolah itu buat ngelanjutin program MBG nya Miss,https://nitter.net/pendslm/status/1972853132028977532#m
@anitasari6675,"Sep 30, 2025 · 2:36 AM UTC","Seneng banget pembenci Pemerintah pengen MBG dihentikan, kalian ga bahagia ya lihat anak - anak, orang tua dan masyarakat dapat manfaat MBG ?",https://nitter.net/anitasari6675/status/1972853081764508057#m
@ArnoldPoernomo,"Sep 29, 2025 · 5:33 AM UTC",Untuk dapur MBG bisa ga stop ngonten2 tapi focus food handling dan kebersihan dulu? Liatin konten2 kalian jadi bikin emosi. - glove habis pegang lauk pegang buah dll - kardus di pake supaya lantai ga licin - di dapur pake sandal jepit Dll,https://nitter.net/ArnoldPoernomo/status/1972535272761127162#m
@abu_waras,"Sep 27, 2025 · 1:31 AM UTC","Bapak ini Wakil Menteri di negara mana, koq engga tahu masalah anak keracunan MBG?",https://nitter.net/abu_waras/status/1971749444208210420#m
@INRI2025,"Sep 30, 2025 · 2:36 AM UTC",5000 korban Keracunan MBG gak mampu membuat mereka RESIGN BEM SI BEM UI BEM ITB BEM UGM UniversitasIndonesia Universitas Brawijaya Universitas Diponegoro Universitas Padjadjaran Institut Teknologi Bandung DPR RI Prabowo Subianto Forum Purnawirawan TNI,https://nitter.net/INRI2025/status/1972853040286924985#m
@NarasiNewsroom,"Sep 29, 2025 · 6:13 AM UTC","Istana Kepresidenan mencabut ID Pers Istana (ID Wartawan Istana) milik jurnalis CNN Indonesia, Diana Valencia, usai ia bertanya soal kasus keracunan dalam program Makan Bergizi Gratis (MBG) kepada Presiden Prabowo Subianto. Aksi itu dikecam organisasi pers termasuk juga Dewan Pers. Belakangan, ID itu dikembalikan setelah Istana bertemu dengan perwakilan CNN Indonesia. BPMI Setpres mengakui kesalahan mereka dan berjanji peristiwa serupa tak akan terulang di masa mendatang.",https://nitter.net/NarasiNewsroom/status/1972545129237086297#m
@Rafhael0999,"Sep 30, 2025 · 2:37 AM UTC","Evaluasi pak, jangan nunggu dapur MBG di bakar masaa,",https://nitter.net/Rafhael0999/status/1972853169530310700#m
@BBCIndonesia,"Sep 28, 2025 · 6:44 AM UTC","Sekelompok ibu di Yogyakarta menggelar aksi pukul panci untuk mendesak pemerintah menghentikan program Makan Bergizi Gratis (MBG). ""Kalau pemerintah tidak menyetop dan mengevaluasi program yang grusa-grusu ini, maka ibu-ibu akan tetap berada di garda terdepan,"" kata orator aksi.",https://nitter.net/BBCIndonesia/status/1972190634279641572#m
@narkosun,"Sep 30, 2025 · 2:37 AM UTC",Sekolah elit kok ada MBG.,https://nitter.net/narkosun/status/1972853221950730615#m
@apyukedo,"Sep 30, 2025 · 2:37 AM UTC","Kelas isi 31 orang, ukuran 7x7, kedatengan MBG, barengan keringat anak-anak, pusing bgttttt",https://nitter.net/apyukedo/status/1972853274304037291#m
@CISDI_ID,"Sep 30, 2025 · 2:05 AM UTC","Kemarin, di Selamat Malam Indonesia @KompasTV , Mba @DiahSaminarsih kembali menekankan soal kolaborasi lintas sektor kalau mau MBG ini berjalan apik. Terus Mba Diah juga lagi2 menekankan soal 1 kasus=1 korban=1 nyawa. Tidak elok rasanya bermain-main dengan statistik.",https://nitter.net/CISDI_ID/status/1972845217763242411#m
@lalapouuuu4,"Sep 30, 2025 · 2:37 AM UTC",pls ga expect ini mbg di sekolah kuu 😭😭😭,https://nitter.net/lalapouuuu4/status/1972853259602948134#m
@molidahm,"Sep 30, 2025 · 2:37 AM UTC",Lagian sekolah elite ngapain dikasi MBG? Aneh bin ajaib.,https://nitter.net/molidahm/status/1972853250505494708#m
@nowyoucatchme,"Sep 28, 2025 · 12:03 PM UTC","MBG tuh makan siang kan ya? Ya kalo begitu hadirkan menu lengkap tinggi protein dan karbo dong 😭😭 Kalo cuman sandwich, pengangguran yg ga ngapa2in pun jg bakal lemes. Kok malah disaranin sarapan nasi, lalu siang makan sandwich. Pemikiran orang ga punya otak ini namanya",https://nitter.net/nowyoucatchme/status/1972270891414516025#m
@pramudiya165,"Sep 30, 2025 · 2:37 AM UTC",MBG lagi MBG lagi Kepala BGN nya cuman mesam mesem aja apa nunggu jatuh korban dan gelombang NEPAL tak terbendung baru loe nangis,https://nitter.net/pramudiya165/status/1972853310756704456#m
@yitnobbs,"Sep 30, 2025 · 2:38 AM UTC","Orang yg sengaja mempertahankan MBG dengan dalih perbaikan gizi generasi tapi tanpa pengawasan yg ketat apa itu Bukan bangsat, Penghianat. Orang yg sengaja mempertahankan MBG agar bs korupsi, MONOPOLI DAN KORUPSI BERJAMAAH MENGATASNAMAKAN RAKYAT, NDASMUU DANCOK.!!!",https://nitter.net/yitnobbs/status/1972853416595767647#m
@bengkeldodo,"Sep 29, 2025 · 8:33 AM UTC","PUNYA LAPORAN SOAL MBG, SILA HUBUNGI NO DIBAWAH 088293800268 (Operator 1) 088293800376 (Operator 2) Setiap laporan akan diverifikasi dan ditindaklanjuti sesuai mekanisme yang berlaku, Gambar hanya pemanis",https://nitter.net/bengkeldodo/status/1972580592996024606#m
@iinrochmah,"Sep 30, 2025 · 2:38 AM UTC","gausah ada MBG kalo gitu, beliin aja nasi uduk 7rb kalo ala kadarnya gitu yaa 🤣🤣",https://nitter.net/iinrochmah/status/1972853483687829711#m
@TaufikWidiarto,"Sep 30, 2025 · 2:38 AM UTC","Bukan sombong bro.... Beliau mengatakan seperti itu untuk menekankan disana itu orang orang mampu, gak perlu MBG... Ingat tujuan Prabowo bikin MBG itu apa?",https://nitter.net/TaufikWidiarto/status/1972853475043320277#m
@nksthi,"Sep 30, 2025 · 2:13 AM UTC","Anggap harga tempe goreng 1000 rupiah. Penerima MBG 30 juta orang/hari. Total anggaran tempe/hari: 1000 rupiah x 30 juta = 30 miliar. Kalo menu MBG nggak pake tempe sehariiiii aja, kontingen SEA Games berpotensi dapet tambahan 30 miliar. 😊",https://nitter.net/nksthi/status/1972847154302771616#m
@ferizandra,"Sep 29, 2025 · 9:18 AM UTC","Sesuai dugaan, dia akan menganggap remeh kasus keracunan Makanan Bergizi Gratis (MBG) yang terjadi di seluruh Indonesia... Jumlah korban keracunan yang mencapai ribuan orang cuman dianggap statistik yang gak berarti... We can't expect any positive outcome from this man... 😥 Update 29/09/2025 16.00 WIB data kasus keracunan/makanan basi MBG di seluruh Indonesia : 4 Oktober 2024 di Nganjuk, Jatim 14 Januari 2025 di Indramayu, Jabar 16 Januari 2025 di Sukoharjo, Jateng 19 Januari 2025 di Nunukan, Kaltara 18 Februari 2025 di Tebingtinggi, Sumut 19 Februari 2025 di Empat Lawang, Sumsel 21 Februari 2025 di Pandeglang, Banten 24 Februari 2025 di Waingapu, NTT 14 April 2025 di Batang, Jateng 21 April 2025 di Cianjur, Jabar 21 April 2025 di Karanganyar, Jateng 23 April 2025 di Bombana, Sultra 23 April 2025 di Kudus, Jateng (lauk berulat) 29 April 2025 di Karanganyar, Jateng 30 April 2025 di Bandung, Jabar 1 Mei 2025 di Tasikmalaya, Jabar 5 Mei 2025 di PALI, Sumsel 7 Mei 2025 di Bogor, Jabar 23 Mei 2025 di Bulukumba, Sulsel (diduga basi) 15 Juli 2025 di Kotabumi, Lampung 21 Juli 2025 di Kupang, NTT 23 Juli 2025 di Sumba Barat Daya, NTT 31 Juli 2025 di Kulon Progo, DIY 6 Agustus 2025 di Sukabumi, Jabar 8 Agustus 2025 di Sorong, Papua Barat (ada belatung di menu MBG) 12 Agustus 2025 di Sragen, Jateng 13 Agustus 2025 di Sleman, DIY 20 Agustus 2025 di Cianjur, Jabar 22 Agustus 2025 di Indramayu, Jabar 26 Agustus 2025 di Lampung Timur, Lampung 26 Agustus 2025 di Sleman, DIY 27 Agustus 2025 di Lebong, Bengkulu 27 Agustus 2025 di Palu, Sulawesi Tengah 2 September 2025 di Serang, Banten 3 September 2025 di Gunungkidul, DIY 3 September 2025 di Ogan Komering Ilir, Sumsel 3 September 2025 di Cianjur, Jabar 11 September 2025 di Maluku Barat Daya, Maluku 11 September 2025 di Wonogiri, Jateng 12 September 2025 di Cianjur, Jabar 15 September 2025 di Gunungkidul, DIY 16 September 2025 di Baubau, Sultra 16 September 2025 di Pamekasan, Jatim 17 September 2025 di Lamongan, Jatim 17 September 2025 di Garut, Jabar 17 September 2025 di Banggai, Sulteng 17 September 2025 di Sumbawa, NTB 18 September 2020 di Tual, Maluku 18 September 2025 di Tasikmalaya, Jabar 18 September 2025 di Bireueun, Aceh 19 September 2025 di Ambon, Maluku 22 September 2025 di Bandung Barat, Jabar 22 September 2025 di Tanjung Selor, Kaltara 23 September 2025 di Ketapang, Kalbar 23 September 2025 di Ogan Komering Ulu, Sumsel 23 September 2025 di Sunter, Jakut 24 September 2025 di Bandung Barat, Jabar 24 September 2025 di Mamuju, Sulbar 24 September 2025 di Lombok Barat, NTB 24 September 2025 di Sukabumi, Jabar 24 September 2025 di Tuban, Jatim 24 September 2025 di Bojonegoro, Jatim 24 September 2025 di Rembang, Jateng 24 September 2025 di Parigi Moutong, Sulteng 24 September 2025 di Kupang, NTT 25 September 2025 di Subang, Jabar 25 September 2025 di Cianjur, Jabar 25 September 2025 di Karimun, Kepulauan Riau 25 September 2025 di Sumedang, Jabar 26 September 2025 di Banyumas, Jateng 26 September 2025 di Lampung Timur, Lampung 26 September 2025 di Jember, Jatim 26 September 2025 di Kebumen, Jateng 29 September 2025 di Bandung Barat, Jabar 29 September 2025 di Ciamis, Jabar Notes : 1. Kasus keracunan MBG turun selama bulan puasa (Ramadhan/Maret) 2. Kasus keracunan MBG juga turun saat liburan sekolah Juni-Juli",https://nitter.net/ferizandra/status/1972591857676021830#m
@mardigu024,"Sep 29, 2025 · 3:41 AM UTC",Ngapain studi banding MBG ampe Cina. Swasta banyak yg udah sedia makan siang. Semuanya dimasak di dapur sekolah,https://nitter.net/mardigu024/status/1972507077760471215#m
@ircboy,"Sep 30, 2025 · 2:38 AM UTC",from mbg with …,https://nitter.net/ircboy/status/1972853600490766464#m
@tilehopper,"Sep 30, 2025 · 2:38 AM UTC","Bahan baku lebih terkontrol, anggaran yang habis untuk pengadaan dan pengawasan dapur berkurang, dan ga bikin price shocks yang ga terkendali karena pembelian bahan satu pintu lewat central kitchen dan bukan puluhan dapur mitra MBG trying to buy the same ingredients.",https://nitter.net/tilehopper/status/1972853646821060861#m
@SantorinisSun,"Sep 29, 2025 · 1:45 PM UTC",Terbukti salah sasaran ya. Sekolah swasta apalagi yang elit apakah perlu MBG? Jawaban bijaknya TIDAK. Makanya fokus aja ke daerah 3T. Lebih bermanfaat & tepat sasaran,https://nitter.net/SantorinisSun/status/1972659072554991865#m
@lutfithe13th,"Sep 30, 2025 · 2:39 AM UTC",Pakan ternak termahal dunia by pemerintah.... Guru di Jakarta Timur Mengaku Suka Bawa Pulang MBG Sisa: Dimasak Ulang atau Buat Pakan Ternak m.tribunnews.com/metropolita…,https://nitter.net/lutfithe13th/status/1972853702538227792#m
@bukupagi,"Sep 30, 2025 · 2:39 AM UTC",MBG,https://nitter.net/bukupagi/status/1972853718480785419#m
@RondesBoge,"Sep 30, 2025 · 2:39 AM UTC",Dapur MBG jago-jagoan bikin makanan u/ orang Indonesia Sandwich. Emank Sandwich ada gizinya ???,https://nitter.net/RondesBoge/status/1972853757722710083#m
@memefess,"Sep 29, 2025 · 6:02 AM UTC",Ketika siswa/siswi iseng memberi sisa mbg kepada kucing yeet!,https://nitter.net/memefess/status/1972542458912534710#m
@AliMahf38081540,"Sep 30, 2025 · 2:39 AM UTC","MBG katanya dibuat untuk pemerataan, tp kalo sekolah swasta gk di ratain juga donk, emang yang pelosok udah kebagian??",https://nitter.net/AliMahf38081540/status/1972853779625361576#m
@BarengJembut,"Sep 30, 2025 · 2:39 AM UTC","Ini yang bodoh yang datakah, Sekolah Elite dimasukkan MBG ya jelas menganggu keuntungan Yayasan. Sekolah Elit, Plus, harusnya masuk prioritas paling belakang.",https://nitter.net/BarengJembut/status/1972853839868182605#m
@0771325,"Sep 30, 2025 · 2:40 AM UTC",Nggak semua orang paham peran pejabat di MBG,https://nitter.net/0771325/status/1972853937100537868#m
@superradioid,"Sep 30, 2025 · 2:39 AM UTC",SMP Negeri 1 Gresik Mulai Laksanakan Program Makan Bergizi Gratis - superradio.id/smp-negeri-1-g…,https://nitter.net/superradioid/status/1972853904309432508#m
@pasfm,"Sep 30, 2025 · 2:40 AM UTC","Menko Perekonomian, Airlangga Hartarto tegaskan bahwa pemerintah tidak akan hentikan program Makan Bergizi Gratis MBG meski menuai kritik dari sejumlah ekonom. Airlangga menjelaskan bahwa pemerintah telah membahas berbagai catatan dari para ekonom yang tergabung dalam Aliansi Ekonom Indonesia.",https://nitter.net/pasfm/status/1972854014376296712#m
@ranjanadotid,"Sep 30, 2025 · 2:40 AM UTC",PKBI Daerah Lampung Kritik Pelaksanaan Program MBG Yang Sebabkan Banyak Kasus Keracunan ranjana.id/pkbi-daerah-lampu…,https://nitter.net/ranjanadotid/status/1972854096077185249#m
@bukan_panda,"Sep 30, 2025 · 2:40 AM UTC","How to fix mbg, by unregistered nutritionist Expensive solution: 1. Mobil distribusi ada heater 2. Bikin dapur sistim desentralisasi. 3. Reviu ulang semua dapur agar sesuai sama permenkes ttg higiene dan sanitasj jasaboga / permenparekraf no.4 - 2021 Cheap solution: 1. Hentikan",https://nitter.net/bukan_panda/status/1972854090792325483#m
@MediaVoi,"Sep 30, 2025 · 2:40 AM UTC",BGN Tetapkan Insentif Guru MBG Rp100 Ribu Cair Tiap 10 Hari ift.tt/EuFYejS,https://nitter.net/MediaVoi/status/1972854083124965817#m
@NenkMonica,"Sep 28, 2025 · 1:50 PM UTC","Salam Hormat Dari Ketua Termul, Prof. Dr. Firdaus Owiwobo, SH, MA, SHI, MBG, BGN, MCK, SPBU, SKCK, MSI, KFC, NMC, Pler",https://nitter.net/NenkMonica/status/1972297928992784660#m
@EMusiran,"Sep 30, 2025 · 2:41 AM UTC",Stop MBG ! Banyak merugikan rakyat. Hanya menguntungkan dn memperkaya para pejabat.,https://nitter.net/EMusiran/status/1972854208836796899#m
@c6pt61nc0d3,"Sep 30, 2025 · 2:41 AM UTC","Dikasih info begini, akan jadi alasan untuk menambah dana mbg, dengan menarik utang dll. Dari 10rb menjadi 50rb. Pinter juga taktiknya...",https://nitter.net/c6pt61nc0d3/status/1972854203799490700#m
@trukbeko,"Sep 30, 2025 · 2:41 AM UTC","Tapiiiii.... gue setuju sih kalo emg sekolah elit menolak mbg. Ya bener mending dikasih ke yg lebih membutuhkan, kaya sekolah2 ditempat terpencil misalnya.",https://nitter.net/trukbeko/status/1972854186862952591#m
@_riverheaven,"Sep 27, 2025 · 9:27 AM UTC","📌PROGRAM MBG HARUS SUKSES Terlepas ada sabotase atau tidak, MBG harus di moratorium. Terbukti pelaksanaan MBG kacau, itu pointnya. Evaluasi dan ubah sistemnya. Titik! Kita dukung MBG yang sehat & higienis. --- Fajar Fatah ButterBabyxTu tds4injakarta Liverpool Panas",https://nitter.net/_riverheaven/status/1971869362685694197#m
@miftahrizaq_,"Sep 20, 2025 · 7:06 AM UTC","Anggaran MBG itu 1,2 triliun PERHARI! Sekali lagi, PERHARI! Itu program ngaco kalo diliburin seminggu, trus duitnya buat bangun sekolahan, renovasi sekolah rusak, bayar gaji guru dengan layak, dandanin infrastruktur, sama buat beasiswa, udah banyak yg terselamatkan! MBG taek!",https://nitter.net/miftahrizaq_/status/1969297138447220833#m
@tekarok007,"Sep 29, 2025 · 10:56 AM UTC","Mau bilang MBG tidak dipolitisasi? Coba lihat NGO/LSM dan aktivis Pinky-pinky itu, pernah tidak uptade 99% lebih pogram MBG yang berhasil, disukai anak sekolah, para guru dan orang tua? Tidak pernah, mereka menyembunyikan 99% fakta itu dari masyarakat, makanya politisasi itu.",https://nitter.net/tekarok007/status/1972616393704214617#m
@lisa_oktoraa78,"Sep 30, 2025 · 2:41 AM UTC","Program Makan Bergizi Gratis tidak hanya menjamin kecukupan gizi anak-anak, tapi juga berkontribusi mencetak generasi unggul menuju Indonesia Emas 2045. #MakanBergiziGratis #IndonesiaEmas2045 #GiziAnak #GenerasiUnggul",https://nitter.net/lisa_oktoraa78/status/1972854391997947919#m
@kenhans03,"Sep 29, 2025 · 7:52 AM UTC","Ini lebih penting daripada MBG. ""Suka panas kalau udah mau ke siang, pegal juga,” ujar Nazma (9), murid kelas 4 di sela kegiatan belajar. bandung.kompas.com/read/2025….",https://nitter.net/kenhans03/status/1972570210696941781#m
@lbsss_nfecc,"Sep 30, 2025 · 2:41 AM UTC","Según recuerdo dijeron que no cambiarían nada, peeero esperemos a verlo.",https://nitter.net/lbsss_nfecc/status/1972854362075803717#m
@carispertama,"Sep 30, 2025 · 2:42 AM UTC",Dukung Program Makan Bergizi Gratis,https://nitter.net/carispertama/status/1972854446372839545#m
@Ans37035,"Sep 30, 2025 · 2:42 AM UTC",Harusnya memang MBG buat yang membutuhkan saja. Dan itu pasti ga banyak. Kan kemiskinan di Indonesia rendah. Jadi ga perlu dianggarkan sampai 300 T untuk tahun 2026. Tapi nanti cuannya dikit sih kalau hanya untuk masyarakat yang membutuhkan,https://nitter.net/Ans37035/status/1972854427058147510#m
@lisa_oktoraa78,"Sep 30, 2025 · 2:42 AM UTC","Program Makan Bergizi Gratis tidak hanya menjamin kecukupan gizi anak-anak, tapi juga berkontribusi mencetak generasi unggul menuju Indonesia Emas 2045. #MakanBergiziGratis #IndonesiaEmas2045 #GiziAnak #GenerasiUnggul",https://nitter.net/lisa_oktoraa78/status/1972854425229328482#m
@Sulhan04,"Sep 29, 2025 · 1:20 PM UTC",Sekolah lagi biar ngerasain MBG 😋,https://nitter.net/Sulhan04/status/1972652583291585014#m
@VIVAcoid,"Sep 30, 2025 · 1:22 AM UTC","Legislator NasDem Ungkap Praktik Jual-Beli Sertifikat Higienis untuk Dapur MBG, Segini Tarifnya viva.co.id/berita/nasional/1…",https://nitter.net/VIVAcoid/status/1972834314267324597#m
@kompascom,"Sep 30, 2025 · 2:45 AM UTC","Wakil Wali Kota Tangsel, Pilar Saga Ichsan, mengatakan, hasil pemeriksaan Dinkes Tangsel, penyebab keracunan diduga berasal dari air yang digunakan dalam proses pengolahan makanan. Baca di sini: megapolitan.kompas.com/read/… / #TangerangSelatan #Tangsel #MakanBergiziGratis",https://nitter.net/kompascom/status/1972855241143197788#m
@lukmanihsan,"Sep 30, 2025 · 2:45 AM UTC",Sekolah elite bayar cateringnya saja sebulan bisa 1 juta ngapain juga dikasih MBG,https://nitter.net/lukmanihsan/status/1972855226639196375#m
@hastarika,"Sep 30, 2025 · 2:45 AM UTC",MBG harus dihentikan total.,https://nitter.net/hastarika/status/1972855223363543257#m
@gguestya,"Sep 30, 2025 · 2:45 AM UTC",cieee mbg 🤭🤭🤭,https://nitter.net/gguestya/status/1972855198705193298#m
@BANGSAygSUJUD,"Sep 30, 2025 · 2:45 AM UTC",Keselamatan anak jadi prioritas Pemerintah perkuat tata kelola program MBG Presiden @prabowo menghendaki 0% insiden keamanan pangan Kini semua makanan yg keluar dari dapur dalam pengawasan ketat Harusnya hal2 begini selesai di tangan para Pembantu Presiden sejak awal2 dulu,https://nitter.net/BANGSAygSUJUD/status/1972855170863341937#m
@bakuldimsum_,"Sep 30, 2025 · 2:44 AM UTC",Memang tolol.. MBG m-nya maksa 🫵🫵🫵,https://nitter.net/bakuldimsum_/status/1972855146616115359#m
@RickyKardjono,"Sep 29, 2025 · 2:36 PM UTC",Anda kelihatannya ga peduli sama nasib anak² sekolahan yg makin banyak yg keracunan MBG ya pakk julhas...??,https://nitter.net/RickyKardjono/status/1972671722819035416#m
@scandal_dante,"Sep 30, 2025 · 2:44 AM UTC",mayan masuk kantong kata dapur mbg,https://nitter.net/scandal_dante/status/1972855138886046096#m
@prokaltengdotco,"Sep 30, 2025 · 2:44 AM UTC",prokalteng.jawapos.com/dprd/…,https://nitter.net/prokaltengdotco/status/1972855137858363727#m
@lalapouuuu4,"Sep 30, 2025 · 2:46 AM UTC",plsss akuu ga expect anjirrr kakkk serius mbg bukan Snack ultahh,https://nitter.net/lalapouuuu4/status/1972855455312699816#m
@Eddoy,"Sep 28, 2025 · 12:00 PM UTC","not to mention the legendary cendol cingcau keong, cuanki di ludahi, bakso boraks, ikan asin formalin. yea we survived all that but not mbg. prove that mbg isnt made for human",https://nitter.net/Eddoy/status/1972270091711713777#m
@diananasution_,"Sep 30, 2025 · 2:46 AM UTC","Lu tau tujuan MBG nggak sih blok, kalo nggak tau tuh cari tau minimal baca, bukan malah tolol",https://nitter.net/diananasution_/status/1972855420546138263#m
@fadelfikri241,"Sep 30, 2025 · 2:46 AM UTC","Menurut gw lebih bagus usulan Gibran buka 19jt lapangan kerja lewat hilirisasi ketimbang MBG, jauhh. Mending janji yang itu aja di realisasikan, meskipun entah apa yang dihilirisasikan, Yang kerja di tambang nikel, pabrik baja, itu mata sipit semua.",https://nitter.net/fadelfikri241/status/1972855501471048000#m
@bilbillee,"Sep 30, 2025 · 2:46 AM UTC","anj ga sengaja liat pagi pagi ambyar pada pro mbg, padahal yg diwawancarai korban mbg, masih aja pada nyanjung nyanjung mbg",https://nitter.net/bilbillee/status/1972855499818484039#m
@Apsprmna,"Sep 30, 2025 · 2:46 AM UTC","Sbnrnya in MBG untuk makan pagi atau makan siang anak” sekolah? Kalau untuk makan siang, kan masaknya biar ngk dri tengah lama atau dri subuh.. bisa di msak dari pagi aj.. Kalau untuk makan pagi, rata” kan mreka udh pda sarapan dri rmah mereka. kecuali bagi yg kurang mampu🙏🏻",https://nitter.net/Apsprmna/status/1972855549177032916#m
@FuzaFirdaus,"Sep 29, 2025 · 9:46 AM UTC","Kondisi di Ketapang, siswa-siswinya keracunan MBG ikan hiu. Sementara DAMRI berjuang menghubungkan ibu kota kabupatennya dengan Pontianak, meski dengan kondisi jalan seperti ini. Indonesia cerah!👍",https://nitter.net/FuzaFirdaus/status/1972598806995927508#m
@donad4656,"Sep 30, 2025 · 2:46 AM UTC","Coba suruh makan ,, sisa MBG yg berancun ,, kalo tetap berdiri ...asli sakti",https://nitter.net/donad4656/status/1972855538892603887#m
@scroogetheduck,"Sep 30, 2025 · 2:46 AM UTC","Coba yg sok bela rakyat mau cancel mbg Ngomong ke mayoritas penerima manfaat yg ga ada masalah, bilang mbg dibatalkan saja ya Paling pantatnya ditendang satu2 😂 Sok2 keras mau cancel mbg, diamuk rakyat kamu mencret2 nanti",https://nitter.net/scroogetheduck/status/1972855521826013496#m
@valhallamour,"Sep 30, 2025 · 2:46 AM UTC",(mbg burger) gibran: setelah seabad akhirnya dapet burger LU BARU MBG SEMINGGU YA BOCIL,https://nitter.net/valhallamour/status/1972855570962247827#m
@jeongunyil,"Sep 30, 2025 · 2:46 AM UTC",adjusted list at least for me (+) - prabowo - jokowi - luhut - menteri-menteri nyebelin - spoiled brats anak pejabat dan orkay ga napak - MBG - konflik agraria - capitalism - zionism,https://nitter.net/jeongunyil/status/1972855566218502601#m
@Baron224455,"Sep 30, 2025 · 2:46 AM UTC",Program makan bergizi gratis terus diperkuat agar setiap hidangan yang disajikan berkualitas dan mendukung kesehatan generasi muda. #KomitmenPemerintahJagaMBG #MBG #IndoensiaEmas2045,https://nitter.net/Baron224455/status/1972855561734820329#m
@IndoPopBase,"Sep 25, 2025 · 8:09 AM UTC",Fried shark allegedly caused MBG poisoning among students in West Kalimantan. (news.detik.com/berita/d-8129…),https://nitter.net/IndoPopBase/status/1971124880570712100#m
@ecosocrights,"Sep 30, 2025 · 1:12 AM UTC",#SkandalMBG regime Prabowo: - MBG dikelola ahli serangga & pensiunan tentara - Sarat KKN - Korban dibungkam - Yg bersuara dipaksa minta maaf - Dugaan 5.000 dapur fiktif - Wartawan yg bertanya dicabutID-nya - Warga yg aksi mulai diteror - Nyawa dijadikan sekadar deretan angka,https://nitter.net/ecosocrights/status/1972831860129665239#m
@t_takano1203,"Sep 30, 2025 · 2:46 AM UTC","MBG butuh dukungan, bukan keraguan.",https://nitter.net/t_takano1203/status/1972855655792087137#m
@MurtadhaOne1,"Sep 26, 2025 · 3:13 PM UTC",MBG Sudan?🤔,https://nitter.net/MurtadhaOne1/status/1971594025351434597#m
@txtdaritaxpayer,"Sep 28, 2025 · 6:17 AM UTC","Presiden ditanya wartawan CNN tentang program MBG dibilang ""di luar konteks"" oleh Biro Pers dan kartu liputan istana wartawannya dicabut. Logika lu sih yang gw rasa ""di luar nalar"" Kalo Presiden ditanya komentarnya atas kekalahan 3-1 MU dari Brentford baru noh di luar konteks🤦‍♂️",https://nitter.net/txtdaritaxpayer/status/1972183891227431050#m
@divalestari330,"Sep 30, 2025 · 2:47 AM UTC",Ayo dukung program Makan Bergizi Gratis guna terciptanya generasi Indonesia Emas 2045 #KawalMBG #IndonesiaEmas2045 #ManfaatMBG #DukungMBG,https://nitter.net/divalestari330/status/1972855715233718333#m
@hantaensan,"Sep 30, 2025 · 2:47 AM UTC",boleh coba tanya ke bang minho soalnya kemarin anak blio ada nyang menolak makan karena di sekolahnya dapet mbg,https://nitter.net/hantaensan/status/1972855705972650223#m
@divalestari330,"Sep 30, 2025 · 2:47 AM UTC",Ayo dukung program Makan Bergizi Gratis guna terciptanya generasi Indonesia Emas 2045 #KawalMBG #IndonesiaEmas2045 #ManfaatMBG #DukungMBG,https://nitter.net/divalestari330/status/1972855695847665702#m
@MamiaDoang,"Sep 29, 2025 · 11:06 PM UTC",Cucunya pd mau memakan MBG ga?,https://nitter.net/MamiaDoang/status/1972800266392215835#m
@AbdulJaya404,"Sep 30, 2025 · 2:47 AM UTC",Kesehatan anak terjamin dengan MBG #KomitmenPemerintahJagaMBG,https://nitter.net/AbdulJaya404/status/1972855784863318413#m
@ye_ierwe,"Sep 30, 2025 · 2:47 AM UTC","Oddy, elu juga kayanya mesti makan MBG deh. Kok niatnya biar semua keracunan?",https://nitter.net/ye_ierwe/status/1972855780257989030#m
@Baron224455,"Sep 30, 2025 · 2:47 AM UTC",Program makan bergizi gratis terus diperkuat agar setiap hidangan yang disajikan berkualitas dan mendukung kesehatan generasi muda. #KomitmenPemerintahJagaMBG #MBG #IndoensiaEmas2045,https://nitter.net/Baron224455/status/1972855765154385947#m
@AbdulJaya404,"Sep 30, 2025 · 2:47 AM UTC",MBG berbenah untuk kesehatan dan tumbuh kembang anak kita #KomitmenPemerintahJagaMBG,https://nitter.net/AbdulJaya404/status/1972855756195332487#m
@RegitaTahir,"Sep 30, 2025 · 2:47 AM UTC","PRESIDEN PRABOWO PANGGIL KEPALA BGN, BUKTI KOMITMEN PEMERINTAH UNTUK JAGA PROGRAM MBG",https://nitter.net/RegitaTahir/status/1972855871500955668#m
@brijunary,"Sep 30, 2025 · 2:47 AM UTC","gue kalo balik jaman mondok di era mbg skrg, MENDING GORENG TAHU TEMPE SENDIRI DRPD MAKAN BERACUN BERSAMA JIRRRRR",https://nitter.net/brijunary/status/1972855847756935486#m
@RegitaTahir,"Sep 30, 2025 · 2:47 AM UTC","PRESIDEN PRABOWO PANGGIL KEPALA BGN, BUKTI KOMITMEN PEMERINTAH UNTUK JAGA PROGRAM MBG",https://nitter.net/RegitaTahir/status/1972855825636130989#m
@Kurkur34719647,"Sep 30, 2025 · 2:47 AM UTC","Mbg bukannya tidak membeda bedakan si kaya dan si kurang mampu ya? Kalo memang anaknya ga mau dikasih mbg ya tinggal bilang, ga usah dimakan",https://nitter.net/Kurkur34719647/status/1972855913842425906#m
@tekarok007,"Sep 29, 2025 · 10:21 AM UTC","Hal begini tidak akan paham mereka yang mau MGB dibatalkan, bahkan ada yang baru pertama kali bisa minum susu karena pogram MBG.",https://nitter.net/tekarok007/status/1972607635427033549#m
@RegitaTahir,"Sep 30, 2025 · 2:48 AM UTC",PEMERINTAH BERKOMITMEN UNTUK TERUS EVALUASI MBG AGAR PROGRAM TERSEBUT LEBIH BAIK LAGI,https://nitter.net/RegitaTahir/status/1972855933224223066#m
@Baron224455,"Sep 30, 2025 · 2:48 AM UTC",Program makan bergizi gratis terus diperkuat agar setiap hidangan yang disajikan berkualitas dan mendukung kesehatan generasi muda. #KomitmenPemerintahJagaMBG #MBG #IndoensiaEmas2045,https://nitter.net/Baron224455/status/1972855924873454061#m
@RegitaTahir,"Sep 30, 2025 · 2:48 AM UTC","PRESIDEN PRABOWO INGATKAN UNTUK JANGAN POLITISASI KASUS MBG. TUJUAN MBG UNTUK ANAK-ANAK INDONESIA. UNTUK BANGSA, UNTUK GENERASI EMAS INDONESIA",https://nitter.net/RegitaTahir/status/1972856004351242463#m
@Deviliing,"Sep 30, 2025 · 2:48 AM UTC","Kupikir berita mbg hiu goreng cmn timpa teks, ternyata beneran😱😱😱 Hiu.. hiu.. hiuuu lo ini anjiiir 😭😭😭",https://nitter.net/Deviliing/status/1972856036299350335#m
@great_fleet,"Sep 29, 2025 · 4:57 PM UTC","Aku pernah bilang, failure MBG jangan cuman dilihat yg keracunan doang. - Yg kadar gizi minimumnya sesuai kaidah. - Yg seharusnya dpt tp gk dapet or blm dpt. - Yg rusak atau tidak layak makan. - Yg ada kontaminan, mis belatung or siput. Totalin, baru bicara persen sebenarnya.",https://nitter.net/great_fleet/status/1972707390584922181#m
@hastarika,"Sep 30, 2025 · 2:48 AM UTC",rakyat indonesia sudah terlalu bodoh. mereka nggak bisa membedakan MBG yg dibiayai uang pajak rakyat dg makan siang yg mjd fasilitas sekolah swasta krn SPP-nya mahal.,https://nitter.net/hastarika/status/1972856025704472736#m
@Baron224455,"Sep 30, 2025 · 2:48 AM UTC",Program makan bergizi gratis terus diperkuat agar setiap hidangan yang disajikan berkualitas dan mendukung kesehatan generasi muda. #KomitmenPemerintahJagaMBG #MBG #IndoensiaEmas2045,https://nitter.net/Baron224455/status/1972856018637054096#m
@sukaberbicara,"Sep 29, 2025 · 1:44 PM UTC",pesan mamah jauhi mbg,https://nitter.net/sukaberbicara/status/1972658792568623557#m
@Ary_PrasKe2,"Sep 30, 2025 · 2:50 AM UTC","Proyek MBG Kian Mengerikan! Program Makan Bergizi Gratis (MBG) yang digadang sebagai solusi gizi kini berubah jadi ancaman serius bagi anak-anak Indonesia. Kamis, 25 September 2025 👉 Sekitar 1000 siswa alami keracunan massal di Kabupaten Bandung Barat. 👉 Bupati menetapkan status KLB (21–25 September 2025). Data makin mengkhawatirkan: 5.626 kasus keracunan MBG di 16 provinsi (17 Jan – 18 Sep 2025, versi CISDI). Lonjakan 1.376 kasus → 6.452 kasus hanya dalam 3 bulan (data JPPI). Korban: siswa sekolah hingga guru. “Peristiwa keracunan ini membuktikan MBG gagal dalam pelaksanaannya. Negara lalai memenuhi hak dasar atas pangan yang aman,” – LBH Bandung. Dari sisi HAM & hukum, kasus ini jelas pelanggaran: Pasal 25 DUHAM: hak atas standar hidup layak & pangan sehat. Pasal 11 Kovenan Ekosob: negara wajib menjamin pangan aman & bergizi. UU 17/2023 Kesehatan & UU 18/2012 Pangan: pemerintah bertanggung jawab menjaga mutu & keamanan pangan. Alih-alih jadi solusi, MBG kini dipandang sebagai pelanggaran hak asasi manusia. “Makna kepentingan umum dalam PSN hingga MBG ini salah kaprah,” ujar Herlambang, Dosen Fakultas Hukum UGM, saat jadi saksi ahli uji materiil UU Cipta Kerja di MK (11/9/2025). Desakan keras yang datang dari YLBHI yang meminta Presiden menghentikan MBG sekarang juga dan melakukan evaluasi menyeluruh.",https://nitter.net/Ary_PrasKe2/status/1972856510209548434#m
@bhinneka_news,"Sep 30, 2025 · 2:53 AM UTC","Program MBG hadir bukan hanya beri makan, tapi juga beri harapan untuk masa depan yang lebih cerah #KomitmenPemerintahJagaMBG #MBG #IndoensiaEmas2045",https://nitter.net/bhinneka_news/status/1972857271395971127#m
@AnakITKmrnSore,"Sep 30, 2025 · 2:52 AM UTC","Ga sepenuhnya salah kemenpora, ini semua karna efisiensi.. Dananya dialihkan buat program aneh yg namanya disingkat jadi MBG itu..",https://nitter.net/AnakITKmrnSore/status/1972857147177517453#m
@yo2hi_hi,"Sep 30, 2025 · 2:52 AM UTC",Program MBG apakah bisa menjadi sebuah case korupsi?,https://nitter.net/yo2hi_hi/status/1972857145818575119#m
@Ary_PrasKe2,"Sep 30, 2025 · 2:50 AM UTC","Proyek MBG Kian Mengerikan! Program Makan Bergizi Gratis (MBG) yang digadang sebagai solusi gizi kini berubah jadi ancaman serius bagi anak-anak Indonesia. Kamis, 25 September 2025 👉 Sekitar 1000 siswa alami keracunan massal di Kabupaten Bandung Barat. 👉 Bupati menetapkan status KLB (21–25 September 2025). Data makin mengkhawatirkan: 5.626 kasus keracunan MBG di 16 provinsi (17 Jan – 18 Sep 2025, versi CISDI). Lonjakan 1.376 kasus → 6.452 kasus hanya dalam 3 bulan (data JPPI). Korban: siswa sekolah hingga guru. “Peristiwa keracunan ini membuktikan MBG gagal dalam pelaksanaannya. Negara lalai memenuhi hak dasar atas pangan yang aman,” – LBH Bandung. Dari sisi HAM & hukum, kasus ini jelas pelanggaran: Pasal 25 DUHAM: hak atas standar hidup layak & pangan sehat. Pasal 11 Kovenan Ekosob: negara wajib menjamin pangan aman & bergizi. UU 17/2023 Kesehatan & UU 18/2012 Pangan: pemerintah bertanggung jawab menjaga mutu & keamanan pangan. Alih-alih jadi solusi, MBG kini dipandang sebagai pelanggaran hak asasi manusia. “Makna kepentingan umum dalam PSN hingga MBG ini salah kaprah,” ujar Herlambang, Dosen Fakultas Hukum UGM, saat jadi saksi ahli uji materiil UU Cipta Kerja di MK (11/9/2025). Desakan keras yang datang dari YLBHI yang meminta Presiden menghentikan MBG sekarang juga dan melakukan evaluasi menyeluruh.",https://nitter.net/Ary_PrasKe2/status/1972856510356312399#m
@surya_an23,"Sep 30, 2025 · 2:53 AM UTC",lagian gizi makanan mereka sehari juga berkali2 lipat dibandingkan dengan mbg,https://nitter.net/surya_an23/status/1972857334872629649#m
@patillele4364,"Sep 26, 2025 · 6:08 AM UTC","Padahal tinggal nyontek saja program MBG saat Anies Gubenur Jakarta, gak usah malu malu demi rakyat. Duitnya tidak di korupsi anak anak tidak keracunan Inilah kalau memimpin dengan amanah, gak perlu pencitraan.",https://nitter.net/patillele4364/status/1971456720460448121#m
@kompascom,"Sep 30, 2025 · 2:51 AM UTC","Nindin menilai, alokasi bantuan berupa uang akan lebih efektif. Sebab, orangtua murid bisa memasak makanan sesuai kebutuhan dan kesukaan anak. Baca di sini: bandung.kompas.com/read/2025… / #Ciamis #MakanBergiziGratis",https://nitter.net/kompascom/status/1972856843291742249#m
@M4ngU5il,"Sep 30, 2025 · 2:53 AM UTC","...makin membengkaklah anggaran mbg, belum lagi yg bocor2..",https://nitter.net/M4ngU5il/status/1972857385657213117#m
@DS_yantie,"Sep 29, 2025 · 11:57 PM UTC","MBG Jika tidak evaluasi total, Bukan hanya merugikan anak anak, tapi juga membuat anak anak itu sendiri, orang tua dan guru trauma. Pemerintah sendiri juga akan dirugikan, Karena masyarakat akan menilai program ini gagal.",https://nitter.net/DS_yantie/status/1972812989817630940#m
@OKTORANKRI,"Sep 30, 2025 · 2:54 AM UTC","Ini orang tua tujuannya memberi tahu ke pemerintah bahwa MBG ini sdh salah sasaran, Pompes harusnya ga perlu MBG, mereka sdh bayar mahal itu sdh termasuk yang saku siswa bisa jadi dan makan sehari2.. Jd betul ibu ini bilang sangat anak nya bilang, MBG ke sekolah elit itu salah",https://nitter.net/OKTORANKRI/status/1972857441181384725#m
@furusanda,"Sep 30, 2025 · 2:54 AM UTC",MBG tetap bisa berdampak meski latar belakang pejabat dipertanyakan.,https://nitter.net/furusanda/status/1972857439218520236#m
@jhonmie90,"Sep 30, 2025 · 2:54 AM UTC","Program MBG berperan penting dalam rangka memastikan gizi anak terpenuhi, menekan stunting, sehingga masa depan anak bangsa semakin cerah. #PenuhiGiziIndonesia",https://nitter.net/jhonmie90/status/1972857524039962890#m
@jhonmie90,"Sep 30, 2025 · 2:54 AM UTC","Program MBG membutuhkan kolaborasi dari berbagai pihak, salah satunya PBNU yang berkomitmen untuk mendukung program prioritas pemerintah tersebut. #PenuhiGiziIndonesia",https://nitter.net/jhonmie90/status/1972857503819104446#m
@jhonmie90,"Sep 30, 2025 · 2:54 AM UTC",Program Makan Bergizi Gratis mendorong tumbuhnya usaha pangan lokal dan membuka lapangan kerja baru di berbagai daerah. #PenuhiGiziIndonesia,https://nitter.net/jhonmie90/status/1972857543996354690#m
@otisram,"Sep 30, 2025 · 2:54 AM UTC",Cocok tuch jd tukang nyobain MBG sebelum dibagi ke para siswa.. Biar gurunya yg milihin makanan mana yg mau dicobain sm dia. Nanti kl sampai dia komplain biar ditabokin sama semua murid di sekolah yg MBGnya dia cobain. Gimana nich @corbuzier sdh siap belum? 😃🤣,https://nitter.net/otisram/status/1972857540104089797#m
@saklarslex,"Sep 30, 2025 · 2:54 AM UTC","Berpa persen yg mkn 1x sehari, anak mana? Daerah mana yg dapat mkn 1x sehari dan sudah dapat mbg, dan setelah dapat mbg apakah jadi makan 2x sehari, atau ttp 1x sehari pas dapat mbg saja, klo cma nambah 1x makan atau bahkan cuma 1x mkn pas dapat mbg, trus apa kelebihan embege? 🤔",https://nitter.net/saklarslex/status/1972857611407208742#m
@bukss61263,"Sep 30, 2025 · 2:54 AM UTC",Program Makan Bergizi Gratis selalu memberikan kekuatan baru bagi anak-anak dan masyarakat. Dukung terus Program MBG! #PenuhiGiziIndonesia,https://nitter.net/bukss61263/status/1972857609788232059#m
@jhonmie90,"Sep 30, 2025 · 2:54 AM UTC",Program Makan Bergizi Gratis selalu memberikan kekuatan baru bagi anak-anak dan masyarakat. Dukung terus Program MBG! #PenuhiGiziIndonesia,https://nitter.net/jhonmie90/status/1972857589198369213#m
@zonadamaii,"Sep 30, 2025 · 2:54 AM UTC","Program Makan Bergizi Gratis (MBG) menargetkan 82,9 juta penerima manfaat yang diwujudkan secara bertahap #VisiPresidenPrabowo #MakanBergiziGratis",https://nitter.net/zonadamaii/status/1972857582072291360#m
@hibikimakoto111,"Sep 30, 2025 · 2:54 AM UTC",Program MBG nggak berdiri di atas satu nama,https://nitter.net/hibikimakoto111/status/1972857576636473675#m
@jhonmie90,"Sep 30, 2025 · 2:54 AM UTC","Program MBG hadir memastikan gizi anak terpenuhi, menekan angka stunting, dan membuka jalan menuju generasi Indonesia yang sehat, cerdas, dan siap bersaing di masa depan. #PenuhiGiziIndonesia",https://nitter.net/jhonmie90/status/1972857567576813986#m
@bukss61263,"Sep 30, 2025 · 2:54 AM UTC","Program MBG tidak hanya mendorong pemenuhan gizi anak bangsa, namun juga secara strategis melibatkan UMKM sehingga perekonomian lokal juga ikut terdongkrak, serta memperluas lapangan pekerjaan. #PenuhiGiziIndonesia",https://nitter.net/bukss61263/status/1972857646840774851#m
@NenkMonica,"Sep 28, 2025 · 9:31 AM UTC",Apakah dg menarik kartu liputan jurnalis CNN yg bertanya ttg MBG bisa menutupi kenyataan yg ada bhw ada Kejadian Luar Biasa (KLB) yg diakibatkan oleh salah urus BGN? Jika bersih kenapa risih ?,https://nitter.net/NenkMonica/status/1972232598027120670#m
@joyandgreed,"Sep 30, 2025 · 2:54 AM UTC","lah lah.. gw jg sbg emak bakal nolak itu MBG kalo tau bakal jd maksiat ke anak gw ama anak2 lain. Sekolah anak gw pun uda ada jatah maksi sndri di masak ama koki sekolah, ngapain masuk MBG yg ga jelas???",https://nitter.net/joyandgreed/status/1972857632357826737#m
@bukss61263,"Sep 30, 2025 · 2:54 AM UTC","Program Makan Bergizi Gratis mendukung pemenuhan gizi anak sejak dini, sehingga meningkatkan kualitas kesehatan dan daya saing generasi muda Indonesia. #PenuhiGiziIndonesia",https://nitter.net/bukss61263/status/1972857627542733046#m
@koranjakarta_id,"Sep 30, 2025 · 2:54 AM UTC","Program Makan Bergizi Gratis (MBG) di Lampung udah jalan jauh banget, Sob! Hingga Agustus 2025, anggarannya tembus Rp780,34 miliar dan udah menjangkau 15 kabupaten/kota. Selengkapnya di koran-jakarta.com/2025-09-30…",https://nitter.net/koranjakarta_id/status/1972857623721758820#m
@Yikumint,"Sep 30, 2025 · 2:55 AM UTC","Akhirnya terbebas dr mnjdi tukang coba MBG krn aku bilang jadi sakit selama 2 hari kl habis makan MBG😀. Org2 d sekolah mmng tau kl badan aku sensitif trhdp hal2 ""tdk wajar"" dlm sebuah Mknn/Minuman😅.",https://nitter.net/Yikumint/status/1972857692483203566#m
@bukss61263,"Sep 30, 2025 · 2:55 AM UTC","Program Makan Bergizi Gratis (MBG) hadir sebagai langkah strategis membentuk generasi sehat, cerdas, dan berdaya saing tinggi demi terwujudnya visi Indonesia Emas 2045. #PenuhiGiziIndonesia",https://nitter.net/bukss61263/status/1972857692386648438#m
@bukss61263,"Sep 30, 2025 · 2:54 AM UTC","Program Makan Bergizi Gratis (MBG) bukan sekadar bantuan, tapi investasi jangka panjang untuk membentuk generasi unggul yang sehat, cerdas, dan berdaya saing tinggi. Inilah langkah nyata menuju Indonesia Emas 2045. #PenuhiGiziIndonesia",https://nitter.net/bukss61263/status/1972857671826149720#m
@agathaher,"Sep 30, 2025 · 2:55 AM UTC","Yang jahat itu yang kerjanya ngga bener, dan korupsi. Tidak punya empati terhadap siswa² yang tumbang akibat keracunan mbg. Dipaksa menelan mbg program kampanye yang pelaksanaannya amburadul. Masih ngga mau paham jugak ini bapak. Bapak mau makan mbg yang basi ?",https://nitter.net/agathaher/status/1972857740998664698#m
@MalekoP40085,"Sep 30, 2025 · 2:55 AM UTC","Program Makan Bergizi Gratis mendukung tumbuh kembang anak secara optimal, sebagai fondasi bagi terwujudnya Indonesia Emas 2045. #PenuhiGiziIndonesia",https://nitter.net/MalekoP40085/status/1972857734786883764#m
@NChupakabr50581,"Sep 30, 2025 · 2:55 AM UTC","Dampak akibat MBG Beracun Kemaren, menghasilkan trauma bagi anak² & orang tuanya. Lebih baik MBG ngga di makan dari pd nanti keracunan. Masih mau lanjut MBG ??! Jangan bilang ribuan anak jadi korban keracunan itu wajar dari penyajian 1 M, nyawa anak² itu bukan statistik angka.",https://nitter.net/NChupakabr50581/status/1972857718445887597#m
@MalekoP40085,"Sep 30, 2025 · 2:55 AM UTC","Program Makan Bergizi Gratis (MBG) hadir sebagai langkah strategis membentuk generasi sehat, cerdas, dan berdaya saing tinggi demi terwujudnya visi Indonesia Emas 2045. #PenuhiGiziIndonesia",https://nitter.net/MalekoP40085/status/1972857714486460609#m
@MalekoP40085,"Sep 30, 2025 · 2:55 AM UTC","Program Makan Bergizi Gratis (MBG) tidak hanya berdampak pada peningkatan gizi anak, tetapi juga mendorong perputaran ekonomi lokal melalui pelibatan UMKM dan petani setempat. #PenuhiGiziIndonesia",https://nitter.net/MalekoP40085/status/1972857781406618088#m
@lokastiti,"Sep 30, 2025 · 2:55 AM UTC","Ada konten seorang ayah berpesan ke anaknya untuk gak makan MBG. Anaknya dibekelin sendiri. Sekolahnya di bandung barat. Wajar lah ya dia takut. Kalo anak lo penerima MBG yang enak dan baik2 aja, apakah lo akan tersinggung sama konten itu? Hmmm",https://nitter.net/lokastiti/status/1972857763970920558#m
@MalekoP40085,"Sep 30, 2025 · 2:55 AM UTC",Pemerintah senantiasa mendorong sinergi antar berbagai pihak dalam rangka memastikan Program MBG memberikan kualitas terbaik bagi anak bangsa. #PenuhiGiziIndonesia,https://nitter.net/MalekoP40085/status/1972857758216262133#m
@Vitasamin,"Sep 30, 2025 · 2:55 AM UTC","Program MBG membutuhkan kolaborasi dari berbagai pihak, salah satunya PBNU yang berkomitmen untuk mendukung program prioritas pemerintah tersebut. #PenuhiGiziIndonesia",https://nitter.net/Vitasamin/status/1972857834326073765#m
@SatriaKalteng,"Sep 30, 2025 · 2:55 AM UTC",Anak Sehat dengan Makan Bergizi Gratis #KomitmenPemerintahJagaMBG,https://nitter.net/SatriaKalteng/status/1972857829431370215#m
@goo_miko,"Sep 29, 2025 · 4:38 AM UTC",Mereka yg memaksakan MBG tetap lanjut adalah keturunan iblis,https://nitter.net/goo_miko/status/1972521413165961610#m
@MalekoP40085,"Sep 30, 2025 · 2:55 AM UTC","Program MBG membutuhkan kolaborasi dari berbagai pihak, salah satunya PBNU yang berkomitmen untuk mendukung program prioritas pemerintah tersebut. #PenuhiGiziIndonesia",https://nitter.net/MalekoP40085/status/1972857812436062487#m
@Vitasamin,"Sep 30, 2025 · 2:55 AM UTC",Program Makan Bergizi Gratis mendorong tumbuhnya usaha pangan lokal dan membuka lapangan kerja baru di berbagai daerah. #PenuhiGiziIndonesia,https://nitter.net/Vitasamin/status/1972857875912695870#m
@Vitasamin,"Sep 30, 2025 · 2:55 AM UTC","Program MBG berperan penting dalam rangka memastikan gizi anak terpenuhi, menekan stunting, sehingga masa depan anak bangsa semakin cerah. #PenuhiGiziIndonesia",https://nitter.net/Vitasamin/status/1972857853867336133#m
@SatriaKalteng,"Sep 30, 2025 · 2:55 AM UTC",Perbaikan MBG hari jni adalah investasi kesehatan anak bangsa #KomitmenPemerintahJagaMBG,https://nitter.net/SatriaKalteng/status/1972857842530164799#m
@Vitasamin,"Sep 30, 2025 · 2:55 AM UTC",Program Makan Bergizi Gratis selalu memberikan kekuatan baru bagi anak-anak dan masyarakat. Dukung terus Program MBG! #PenuhiGiziIndonesia,https://nitter.net/Vitasamin/status/1972857919801823497#m
@Vitasamin,"Sep 30, 2025 · 2:55 AM UTC","Program MBG hadir memastikan gizi anak terpenuhi, menekan angka stunting, dan membuka jalan menuju generasi Indonesia yang sehat, cerdas, dan siap bersaing di masa depan. #PenuhiGiziIndonesia",https://nitter.net/Vitasamin/status/1972857900084474151#m
@seruanhl,"Sep 28, 2025 · 12:36 PM UTC","Lah, apa yang salah? Bukankah MBG itu program Presiden Prabowo sendiri? Kenapa gak boleh ditanya? Kenapa pihak istana sedemikian alergi terhadap pertanyaan terkait MBG, sampe-sampe kartu wartawan yang menanyakan hal itu dicabut? Cc. @prabowo",https://nitter.net/seruanhl/status/1972279306052403345#m
@RudiartoT78475,"Sep 30, 2025 · 2:56 AM UTC",Lbh cepet cuan MBG...itungnya harian...klo bangun gedung sekolah bisa tahunan..🤣,https://nitter.net/RudiartoT78475/status/1972857981424578859#m
@astrianyumiaty,"Sep 30, 2025 · 2:56 AM UTC","Dikampung ku pedesaan justru menu mbg diketawain,di kampung tuh lauk ayam,telur,ikan udah setiap hari bukan lauk mahal,jadi kalo mbg dgn lauk model gitu,mending gak usah saja😅",https://nitter.net/astrianyumiaty/status/1972857971559596127#m
@jerukbusukkkk,"Sep 30, 2025 · 2:58 AM UTC","Teh ini difotoin Na? Emang kudu dibuat laporan sih ini yah tiap hari dapet apa Teh, ini beneran ada pakta integritasnya? Mun ga ikut MBG, bisa? Kn ada pilihan setuju tidak setuju? Atau kudu setuju kabeh",https://nitter.net/jerukbusukkkk/status/1972858543503225322#m
@phoettic,"Sep 30, 2025 · 1:31 AM UTC",Sertifikat laik higienis sanitasi jadi kunci SPPG bersih dan sehat ala Prabowo #MakanBergiziGratis,https://nitter.net/phoettic/status/1972836625555337517#m
@PrayFor62,"Sep 30, 2025 · 2:58 AM UTC",Logikanya betul tapi bkn solusi dan tdk bisa disamaratakan. Mungkin akan lebih banyak ortu pakai uang itu utk kebutuhan sehari². Yg jarang diberitakan adalah anak yg tadinya tidak pernah makan siang karena kondisi ekonomi jadi bisa makan siang rutin karena program mbg.,https://nitter.net/PrayFor62/status/1972858494769570144#m
@nuicemedia,"Sep 29, 2025 · 6:22 AM UTC","President Prabowo on MBG poisoning cases: “Out of all the meals served, the error rate was only 0.00017 percent.” Classic percentage defense because it’s much more comforting and self assuring to talk about a microscopic percentage than the actual children who got sick.",https://nitter.net/nuicemedia/status/1972547428466471403#m
@nowyoucatchme,"Sep 30, 2025 · 2:58 AM UTC",Disyukuri kalo MBG hasil sedekah. Kalo pake uang pajak ya harus dikritik habis habisan. Pendukung prbw emang ga ngotak 😭,https://nitter.net/nowyoucatchme/status/1972858447315317034#m
@Memes_N_Genes,"Sep 30, 2025 · 2:58 AM UTC","momentum is building fast. With $MVRK rails live and $MBG bridging billions in real assets, RWAs could be the sector that sends crypto truly parabolic",https://nitter.net/Memes_N_Genes/status/1972858621714448535#m
@MuhammadTuhasan,"Sep 30, 2025 · 2:58 AM UTC",Dana MBG yg besar itu bisa kale di alihkan kesini..... Lebih bermanfaat darimana keracunan 😩,https://nitter.net/MuhammadTuhasan/status/1972858606396780997#m
@RestyeCayah,"Sep 28, 2025 · 4:30 AM UTC","Jam sekolah sekarang separoh waktunya tersita buat urusan makan, diskusi murid sekarang bukan lagi soal pelajaran tp soal jatwh MBG mereka . Apa begini yg anda harapkan pak @prabowo ? Pinter kagak makin bodoh iya",https://nitter.net/RestyeCayah/status/1972156977355903350#m
@darispertama,"Sep 30, 2025 · 2:59 AM UTC",Dukung Program Makan Bergizi Gratis,https://nitter.net/darispertama/status/1972858708951724192#m
@aayippii,"Sep 30, 2025 · 2:58 AM UTC","Snack dari posyandu aja w larang buat anak, atuda dikasihnya kue soes, puding, yang gulanya banyaaak. Trs kalau ada mbg yang punya resiko keracunan tinggi, engga dulu deh ya. Seengganya telur dadar bikinan sendiri lebih aman. Semoga selalu dimampukan",https://nitter.net/aayippii/status/1972858687120450025#m
@cowoindomaret,"Sep 30, 2025 · 2:58 AM UTC","APASIHHH, berita MBG makin kesini makin kesana",https://nitter.net/cowoindomaret/status/1972858677343449525#m
@ktsrna,"Sep 30, 2025 · 2:58 AM UTC","Walaupun sekolah anakku ga sebegitu elit, tapi keresahannya sama. MBG itu oke kalo tepat sasaran, selama KPI-nya penyerapan anggaran, big no no.",https://nitter.net/ktsrna/status/1972858676781474117#m
@MarahIchsan,"Sep 30, 2025 · 2:59 AM UTC","Aksi Pukul Panci : Protes Keras Hentikan MBG! Jumat (26/9), Bundaran UGM menjadi saksi ‘Kenduri Suara Ibu Indonesia’. Ratusan ibu turun ke jalan, menyuarakan protes tegas terhadap program Makan Bergizi Gratis (MBG).",https://nitter.net/MarahIchsan/status/1972858742225174529#m
@05Panji,"Sep 30, 2025 · 2:59 AM UTC","Utk praktis,, mana ada dapur mbg yg ga pake msg.. Asal njeplak ajaa cak imin",https://nitter.net/05Panji/status/1972858778396787081#m
@VIVAcoid,"Sep 30, 2025 · 2:04 AM UTC",Terungkap! Sultan HB X Bongkar Penyebab Keracunan MBG di Yogyakarta viva.co.id/berita/nasional/1…,https://nitter.net/VIVAcoid/status/1972844883938533582#m
@MARQUEZ__93,"Sep 29, 2025 · 11:10 PM UTC","Masuk Akal, Jangan² MBG Aktornya Loe.... Agar Si Botol Cepet Jadi Raja.",https://nitter.net/MARQUEZ__93/status/1972801060675953062#m
@MarahIchsan,"Sep 30, 2025 · 2:59 AM UTC",Aksi ini ditandai dengan memukul panci secara serentak sebagai simbol keprihatinan mendalam atas isu keracunan makanan yang dilaporkan terjadi di berbagai daerah akibat program MBG.,https://nitter.net/MarahIchsan/status/1972858822105665665#m
@darispertama,"Sep 30, 2025 · 2:59 AM UTC",MBG pemerataan gizi seluruh anak Indonesia,https://nitter.net/darispertama/status/1972858795358642306#m
@CNNIndonesia,"Sep 30, 2025 · 2:08 AM UTC","10 Tahun Punya Kantin Sehat, SD Muhammadiyah di Solo Berat Gabung MBG cnnindonesia.com/nasional/20…",https://nitter.net/CNNIndonesia/status/1972845964949152234#m
@yo2hi_hi,"Sep 30, 2025 · 2:59 AM UTC",Stop MBG ganti ke program pendidikan gratis dan perbaikan fasilitas sekolah,https://nitter.net/yo2hi_hi/status/1972858837016494350#m
@reminhyoungs,"Sep 30, 2025 · 12:33 AM UTC",tai lah mbg mbg,https://nitter.net/reminhyoungs/status/1972822187196494049#m
@darispertama,"Sep 30, 2025 · 2:59 AM UTC",Dukung Program Makan Bergizi Gratis,https://nitter.net/darispertama/status/1972858872466669868#m
@izzalnr_,"Sep 29, 2025 · 1:58 PM UTC","WHAT?! Is this profesionalism? Bukannya fokus 'mendidik', malah diribeti sama hal di luar jobdesk utama?? Alih-alih memberikan gaji guru dengan layak, kalian menjadikan mbg layaknya 'juru selamat' atas keterpurukan guru. Program ini the real beban pendidikan. 🥀",https://nitter.net/izzalnr_/status/1972662316677112003#m
@ThePhrase_ID,"Sep 30, 2025 · 3:00 AM UTC",BGN Buka Saluran Pengaduan untuk Kawal Program Makan Bergizi Gratis #ThePhraseID #makanbergizigratis #mbg #bgn #badangizinasional thephrase.id/bgn-buka-salura…,https://nitter.net/ThePhrase_ID/status/1972858961691906421#m
@BANGSAygSUJUD,"Sep 29, 2025 · 4:56 AM UTC","Tak ingin keracunan terulang di program MBG 4 instruksi Presiden @prabowo kpd Kepala BGN : 1. Perintahkan Peningkatan Tata Kelola 2. Koki Terlatih & siapkan Alat Rapid Test 3. Perintahkan Jamin Sterilisasi 4. Pasang CCTV MBG bukan program politik tetapi program keadilan sosial bagi seluruh anak Indonesia, mencetak Generasi Emas tanpa terkecuali Semoga ke depan para pembantu Presiden bisa bekerja perfect, kasian Presidennya kalo begini...",https://nitter.net/BANGSAygSUJUD/status/1972525798734409748#m
@tempo_english,"Sep 30, 2025 · 3:00 AM UTC",en.tempo.co/read/2052931/ind…,https://nitter.net/tempo_english/status/1972858941362327623#m
@DIMAZSAMID,"Sep 30, 2025 · 3:00 AM UTC","the term “mbg: makan beracun gratis"" is wild",https://nitter.net/DIMAZSAMID/status/1972859019397406747#m
@RickyKardjono,"Sep 30, 2025 · 3:00 AM UTC",Herannya masih ada aja netijen yg terus bela² program MBG makan bracun gratis yg berbahaya ini ya...?? 🤦‍♂️🤦‍♂️🤦‍♂️ #stopMBG ⛔️⛔️⛔️,https://nitter.net/RickyKardjono/status/1972859057477439860#m
@robert_yulian1,"Sep 30, 2025 · 2:13 AM UTC","Program nya bagus, selama ini yg kurang adalah pengawasan, terutama utk MBG. Libatkan Kejagung dan juga KPK, utk mencegah kebocoran anggaran, fokus dengan daerah 3 T dan kantong2 kemiskinan.",https://nitter.net/robert_yulian1/status/1972847250926907719#m
@honeyiyn,"Sep 30, 2025 · 3:00 AM UTC",Kalau anakku sekolah ada mbg model skrng ini tetep ku larang makan sih. Akan kubawakan bekal bergizi dan enak itu tiap hari biar dia ga makan mbg gov 🙏🏻,https://nitter.net/honeyiyn/status/1972859145658511637#m
@udangranbutan,"Sep 28, 2025 · 3:56 PM UTC",dapur mbg jember:,https://nitter.net/udangranbutan/status/1972329473493332310#m
@joe_pride888,"Sep 29, 2025 · 4:46 PM UTC",Senin Malam Besok Selasa tgl 30 September Hari paling seram rakyat Indonesia dgn pengkhianatan G30S PKI yg membunuh dan membantai Jenderal Angkatan Darat th 1965 Awas Neo PKI disekitar anda Istana gamau jujur ada infiltrasi paham komunis Awas dgn kasus MBG Makan Beracun Gratis,https://nitter.net/joe_pride888/status/1972704644536344993#m
@Kl0ckMark,"Sep 30, 2025 · 3:00 AM UTC","Kalian ingin menjadikan semjata menjatuhkan Pak Prabowo Subianto dan Mas Gibran di pilpres 2029 jika Program MBG dihentikan ? Paham ga kaliam yg ingin memghentikan MBG itu membunuh harapan anak - anak, orang tua dan masyarkat ?",https://nitter.net/Kl0ckMark/status/1972859187773530192#m
@grok,"Sep 30, 2025 · 3:01 AM UTC","Ini kejadian di SDIT Al Izzah, Kota Serang, Banten, Indonesia. Video tersebut menunjukkan pertemuan wali murid yang menolak program Makanan Bergizi Gratis (MBG).",https://nitter.net/grok/status/1972859222724616625#m
@IsmiHandayanie,"Sep 30, 2025 · 3:01 AM UTC",Satu Piring MBG Bawa Sejuta Harapan Baru Perbaikan Gizi Anak Negeri.,https://nitter.net/IsmiHandayanie/status/1972859364123034081#m
@PaltiHutabarat,"Sep 29, 2025 · 7:46 AM UTC",Menjunjung Tinggi Kebebasan Pers Tapi Kok Cabut ID Istana Karena Bertanya MBG?! Harusnya yang perintah ambil ID Istana CNN Indonesia tanpa adanya proses dialog dipecat!!!,https://nitter.net/PaltiHutabarat/status/1972568624423715067#m
@andemha67,"Sep 29, 2025 · 10:09 AM UTC",Dan ternyata 11/100 pun terlalalu tinggi. Setelah pidatonya yg menggelegar membelah langit amerika dan gambarnya dipasang di media2 iblisrael harusnya nilainya 05/100. Apalagi setelah kasus MBG beserta blunder penanganan isyunya.,https://nitter.net/andemha67/status/1972604517574496590#m
@HanaFarhaanaa,"Sep 30, 2025 · 3:01 AM UTC",Satu Piring MBG Bawa Sejuta Harapan Baru Perbaikan Gizi Anak Negeri.,https://nitter.net/HanaFarhaanaa/status/1972859331243815306#m
@EnniWibisono,"Sep 30, 2025 · 3:01 AM UTC","Ah, cuma ngasih MBG yg gak seberapa, nyawa anak taruhannya. Buat rakyat ini sama aja kayak judi kecil kecilan , kalo lg beruntung selamat dari keracunan. Kebijakannya bagus, tapi pelaksanaannya sangat tolol bin goblok. Emang ladang cuan...",https://nitter.net/EnniWibisono/status/1972859398805651781#m
@rara_yuliastuti,"Sep 30, 2025 · 3:01 AM UTC",Satu Piring MBG Bawa Sejuta Harapan Baru Perbaikan Gizi Anak Negeri.,https://nitter.net/rara_yuliastuti/status/1972859395467100210#m
@AdindaPurwati,"Sep 30, 2025 · 3:01 AM UTC",Satu Piring MBG Bawa Sejuta Harapan Baru Perbaikan Gizi Anak Negeri.,https://nitter.net/AdindaPurwati/status/1972859383261679679#m
@MilenialGaruda,"Sep 30, 2025 · 3:01 AM UTC",Satu Piring MBG Bawa Sejuta Harapan Baru Perbaikan Gizi Anak Negeri.,https://nitter.net/MilenialGaruda/status/1972859374248018359#m
@atun_komayah,"Sep 30, 2025 · 1:47 AM UTC","Gak cuma gratis, makan di SPPG juga diawasi lewat sertifikat laik higienis sanitasi bareng Prabowo #MakanBergiziGratis",https://nitter.net/atun_komayah/status/1972840747864072694#m
@Ayhtima,"Sep 30, 2025 · 3:02 AM UTC","Ya Allah ponpes??? Yg bukan boarding school aja kita ortu ketar-ketir buang2in MBG demi hindarin resikonya. Ini anak dititip di ponpes, ortu gak ada, mau dikasih MBG??? Klo kenapa2 gimana? Pihak ponpes kah yg mau MBG pdhl ortu udh byar?",https://nitter.net/Ayhtima/status/1972859456297029693#m
@Mdy_Asmara1701,"Sep 28, 2025 · 1:30 PM UTC",Status KLB Keracunan MBG di Bandung Barat dicabut!,https://nitter.net/Mdy_Asmara1701/status/1972292718153101616#m
@Goo9le_Fiv3,"Sep 29, 2025 · 11:05 AM UTC","Lagi, puluhan siswa di Kotabumi Lampung diduga keracunan MBG, pemerintah kok seperti gak ada empati, lanjut aja terus dengan dalih hanya 0,0017%, ini nyawa manusia loh🥲",https://nitter.net/Goo9le_Fiv3/status/1972618837326713281#m
@JantunGPiisanG,"Sep 29, 2025 · 8:44 AM UTC","Dapur MBG mayoritas dimiliki para politikus, pejabat dan para jendral...uang negara yang nilainya fantastis buat bancakan para bangsat...dan rezim hanya ngomong ngalor ngidul mau menindak...menindak ENTUUT BERUUUT....",https://nitter.net/JantunGPiisanG/status/1972583281830035890#m
@OposisiCerdas,"Sep 28, 2025 · 11:14 PM UTC",Berapa Gaji Pejabat BGN yang Urusi MBG? oposisicerdas.com/2025/09/be…,https://nitter.net/OposisiCerdas/status/1972439718714544307#m
@romy_syaputra,"Sep 30, 2025 · 3:03 AM UTC",Pak gerung ni sebenarnya berpendidikan enggak sih ya? Nanya sekolah yg ambruk itu di daerah mana? Kenapa enggk kritik pemerintah daerahnya?kenapa tidak dibenarkan Sedangkan program MBG itu program nasional yg baru berjalan.,https://nitter.net/romy_syaputra/status/1972859733200810102#m
@grok,"Sep 30, 2025 · 3:03 AM UTC","Berdasarkan video, susu kemasan ""SUSU SEKOLAH"" untuk Program Makan Bergizi Gratis (MBG) diproduksi oleh PT Sarihusada Generasi Mahardhika (SGM), bagian dari Danone Indonesia. Ini bagian dari inisiatif pemerintah untuk nutrisi anak sekolah.",https://nitter.net/grok/status/1972859799466598770#m
@nanadehoney,"Sep 30, 2025 · 3:03 AM UTC",Orang bego! Point pentingnya MBG HARUSNYA UNTUK ANAK2 KURANG MAMPU..! Ngapain kasi ke orang2 yg makannya udh cukup dan gak butuh? Bloon!!,https://nitter.net/nanadehoney/status/1972859764314173718#m
@kompascom,"Sep 27, 2025 · 4:58 AM UTC","Guru disebut jadi pihak paling dirugikan dalam program Makan Bergizi Gratis (MBG). Bahkan, mereka dianggap seperti tumbal atau budak dalam pelaksanaan program ini. Hal itu disampaikan oleh Koordinator Nasional JPPI, Ubaid Matraji, dalam konferensi pers di Jakarta, Senin (22/9/2025).",https://nitter.net/kompascom/status/1971801602064527712#m
@galihra900071,"Sep 30, 2025 · 3:08 AM UTC",Program mbg itu harus dilakukan dg cara adil bila memang terbukti berkasus tanpa hrs ada tekanan yg terkena musibah...,https://nitter.net/galihra900071/status/1972861034924060796#m
@newIding30,"Sep 29, 2025 · 8:23 AM UTC",Hmmm... Mendem MBG... MBG ada apa dg MBG...? @Ary_PrasKe2 @Roebanie @WPradjoko86595 @elon3asyyy @DjolaFix @TerahirPejuang @WilliamsGi30698 @totoher52164552 @bonapasogit24 @yanasukma2 @tokaidirecycle @RubyJohnso23174 @SAPARTAMPOE @DoroCah26424 @Gilang__gg @rubiavianto 🙏☕,https://nitter.net/newIding30/status/1972577956217418239#m
@RidNgemil,"Sep 30, 2025 · 3:07 AM UTC","Alokasi anggaran MBG yg sangat besar jadi gak masuk akal, kalo sekolah elit gini juga dikasih. Budget per porsi cuma 10 rb. Makanan dr sekolah & jajan anak2nya aja lbh dr itu. Yg ada bakalan bnyk yg mubazir gk kemakan. Kacau bener ya pelaksanaan ini program.",https://nitter.net/RidNgemil/status/1972860952308769275#m
@Angelll2y,"Sep 30, 2025 · 3:07 AM UTC","Aduh pak, kamu ini gak ngerti maksud beliau ya. Itu berarti MBG TIDAK TEPAT SASARAN, dan sy setuju dengan ibu ini bahwa tidak seharusnya MBG diterapkan di Al Izzah.",https://nitter.net/Angelll2y/status/1972860943391666354#m
@liputan6dotcom,"Sep 30, 2025 · 2:08 AM UTC",Wali Murid SDIT Al Izzah Serang Tolak MBG: Kami Bayar SPP dan Uang Masuk Sekolah Sampai Belasan Juta liputan6.com/news/read/61718…,https://nitter.net/liputan6dotcom/status/1972846026232066368#m
@suratannisak,"Sep 30, 2025 · 3:07 AM UTC",Kalo saya boleh usul Pak @prabowo program MBG tetep dilanjutkan kalo ada sesuautu pada anak-anak harus di evaluasi biar anak-anak terpuaskan dengan MBG,https://nitter.net/suratannisak/status/1972860788227690803#m
@RagilSemar,"Sep 30, 2025 · 1:31 AM UTC","Orag ini antara beneran gak punya empati, atau kemampuan komunikasi massa-nya setara Gibran. Ngapa sih musti ngomongin persentase? Tulul, kesannya jadi mengecilkan masalah. liputan6.com/news/read/61713…",https://nitter.net/RagilSemar/status/1972836596971086159#m
@CNNIndonesia,"Sep 30, 2025 · 3:08 AM UTC",VIDEO: Presiden Minta Perketat Standar Dapur Penyedia MBG cnnindonesia.com/tv/20250930…,https://nitter.net/CNNIndonesia/status/1972861094025904443#m
@pamswakarsa_,"Sep 30, 2025 · 3:08 AM UTC",Orang yg ngotot mempertahankan MBG itu penjahat super alias koruptor.,https://nitter.net/pamswakarsa_/status/1972861085855498364#m
@BilingualUnicor,"Sep 30, 2025 · 3:08 AM UTC",No conozco ningún GL hasta la fecha que sea idéntico a la novela. Siempre son adaptaciones para formato de TV,https://nitter.net/BilingualUnicor/status/1972861123943927955#m
@elklemer29,"Sep 30, 2025 · 3:08 AM UTC","Waduh, ini bukan masalah sombong atau bukan. Justru bagus kalo ibu ini bilang anak2 di sekolah mayoritas berada gak perlu MBG, bisa dialihkan ke yg lebih butuh dong.",https://nitter.net/elklemer29/status/1972861185486922072#m
@AbdullahYu76015,"Sep 30, 2025 · 3:09 AM UTC",Jika ad korban keracunan MBG yg sampai meninggal mka pemerintah lah yg hrus bertanggungjawab dan MBG wajib d stop krna mudhorot nya lebih banyak dri Pda manfaat nya korban keracunan kian bertambah bnyak,https://nitter.net/AbdullahYu76015/status/1972861244840538293#m
@Carbaroxabane,"Sep 30, 2025 · 3:12 AM UTC",Maunya Makan MBG,https://nitter.net/Carbaroxabane/status/1972862019230691829#m
@AlistaJedra,"Sep 30, 2025 · 3:12 AM UTC","MBG harusnya dikaji ulang terapkan disekolah 3T Mereka tidak sombong tapi sadar diri MBG untuk anak"" Yg kurang mampu",https://nitter.net/AlistaJedra/status/1972862004789657953#m
@pakwebe,"Sep 29, 2025 · 11:40 AM UTC","Stella Christy: Ini bukti MBG meningkatkan kemampuan matematika dan bahasa inggris. Matematikanya ngitung korban keracunan, bahasa inggrisnya baca berita keracunan dari media luar neheri. Wow, VISIONER🫡🤯",https://nitter.net/pakwebe/status/1972627619851186510#m
@sinar_lampung,"Sep 30, 2025 · 3:11 AM UTC","Diduga Keracunan MBG, 7 Siswa SDN 06 Tulang Bawang Tengah Dilarikan ke RSUD Tubaba sinarlampung.co/2025/09/29/d…",https://nitter.net/sinar_lampung/status/1972861946677661814#m
@yudis_arwanda11,"Sep 30, 2025 · 3:11 AM UTC","SPPG aman dikonsumsi, sudah pasti bersertifikat laik higienis sanitasi berkat ide Prabowo #MakanBergiziGratis",https://nitter.net/yudis_arwanda11/status/1972861943124992055#m
@luisyandra980,"Sep 30, 2025 · 3:11 AM UTC",Setuju dengan adanya arahan dari presiden semoga MBG kedepan ada perbaikan. Senin oleh2 dari internasional 😍😍❤❤ ディズニーランドが超激混みです！！！ あれ？今日木曜日じゃなかったっけ？、、 今シーズン行かれる方は注意して下さい！ #TDR_now #TDL #TDL_now 👍👍,https://nitter.net/luisyandra980/status/1972861938762940826#m
@KabarNetIDD,"Sep 30, 2025 · 3:11 AM UTC","Presiden Prabowo langsung angkat suara usai tiba dari lawatan luar negeri. Soal kasus keracunan massal akibat program Makan Bergizi Gratis, ia menegaskan: ‘Ini masalah besar yang harus segera ditangani.’ 🚨🇮🇩 #Prabowo #MakanBergiziGratis #BeritaTerkini #KeracunanMassal #Presiden",https://nitter.net/KabarNetIDD/status/1972861932433817945#m
@majaw3634,"Sep 30, 2025 · 3:12 AM UTC",MBG ku...,https://nitter.net/majaw3634/status/1972862106304495872#m
@Men_javanese,"Sep 30, 2025 · 3:12 AM UTC",Pokoknya no 1 mangan...hdup MBG 😁🤣,https://nitter.net/Men_javanese/status/1972862072112525668#m
@joyboypart100,"Sep 30, 2025 · 3:12 AM UTC","Dapur mbg di buat dadakan begitu jg pekerja,,3000 porsi pasti keteter dan capek nya luar biasa,,rumah mkn yg dpt pesanan 3000 bks aj,,masak udh pasti jam 2 pagi utk pengantaran jam 10",https://nitter.net/joyboypart100/status/1972862069549715580#m
@anitadhewy,"Sep 27, 2025 · 6:20 AM UTC","Saya bertemu siswa yg keracunan MBG, nakes yg tangani korban, guru yg mendapati makanan basi & terbebani, ortu yg dpt keluhan anak. Suara mrk diabaikan. Tak ada mekanisme feedback & keluhan bg siswa sbg penerima manfaat. Tak ada tindakan thd pengabaian pejabat BGN & pemerintah.",https://nitter.net/anitadhewy/status/1971822308630364631#m
@MurtadhaOne1,"Sep 28, 2025 · 4:20 AM UTC",Dapat info kalo wartawan @CNNIndonesia yang nanya tentang MBG sehingga membuat prabowo terpaksa balik lagi utk menjawab ini👇 akhirnya ID nya dicabut oleh istana Membuat dia tak bisa lagi ngepos di istana,https://nitter.net/MurtadhaOne1/status/1972154306242756716#m
@lismantik,"Sep 30, 2025 · 3:12 AM UTC","Ya karena keluarga (sok) kaya itu punya agenda tertentu, (mungkin) dari golongan tertentu Rakyat kebanyakan pada bersyukur dapat MBG,minimal menghemat uang jajan&bisa menabung/buat keperluan lain, dan bisa kenyang tiap hari sekolah&fokus velajar, jd ga sempat ngonten",https://nitter.net/lismantik/status/1972862201137664132#m
@RakhmadIrawan9,"Sep 30, 2025 · 3:12 AM UTC",Basi banget sih!!! Sama basinya dengan menu MBG,https://nitter.net/RakhmadIrawan9/status/1972862183978750463#m
@BARC3L0NA24,"Sep 30, 2025 · 2:46 AM UTC",Kenapa banyak yang ingin Program Pemerintah MBG dihentikan? Bagi pembemci Pemerintah dan lawan politik terutama kader DPR yang usul dihentikan bisa jadi senjata menjatuhkan Pak Prabowo untuk pilpres 2029 jika MBG berhenti.. Kalian tega banget membunuh harapan rakyat,https://nitter.net/BARC3L0NA24/status/1972855617296683332#m
@damaihatikami,"Sep 30, 2025 · 3:13 AM UTC","Akan kami bentuk tim investigasi Sudah kami anggarkan untuk tim ini, 6T Mohon maaf Bismillah jubir MBG",https://nitter.net/damaihatikami/status/1972862245060386930#m
@ANTARABengkulu,"Sep 30, 2025 · 3:13 AM UTC",Presiden RI Prabowo Subianto menegaskan Makan Bergizi Gratis (MBG) telah menjangkau hampir 30 juta penerima manfaat dan pihaknya akan terus membenahi berbagai kekurangan dari program tersebut bengkulu.antaranews.com/beri…,https://nitter.net/ANTARABengkulu/status/1972862388228829352#m
@kompascom,"Sep 27, 2025 · 9:10 AM UTC",Roti isi sosis untuk program Makan Bergizi Gratis (MBG) di Lampung Timur ditemukan telah berlendir dan berbau tak sedap. Kondisi ini yang diduga menjadi penyebab puluhan siswa di sana keracunan. Sebanyak 35 siswa dari lima sekolah di kabupaten tersebut harus dibawa ke rumah sakit setelah keracunan pada Jumat (26/9/2025). Klik untuk baca: regional.kompas.com/read/202… < #mbg #lampungtimur,https://nitter.net/kompascom/status/1971865123016069140#m
@kozirama,"Sep 29, 2025 · 10:25 PM UTC",MBG Pizza Party,https://nitter.net/kozirama/status/1972789769370509759#m
@agu_dony,"Sep 30, 2025 · 3:14 AM UTC",Pemerintah tutup dapur MBG yang sebabkan keracunan antaranews.com/berita/513949…,https://nitter.net/agu_dony/status/1972862464191873377#m
@BiLLRaY2019,"Sep 28, 2025 · 1:56 PM UTC","Daripada jadi beban negara, mending cicipi MBG sebelum dibagikan ke siswa...🤣",https://nitter.net/BiLLRaY2019/status/1972299283690107362#m
@infoAstronomy,"Sep 29, 2025 · 8:04 AM UTC","Yuk ikut antre ambil MBG, alias Mari Belajar (Astronomi) GRATIS! ✨ Tenang, materi belajarnya dimasak dengan matang, dijamin kamu nggak keracunan. Kelasnya beneran bergizi dan beneran gratis. Ada materi apa aja? 🧵",https://nitter.net/infoAstronomy/status/1972573089591611837#m
@hang_man90,"Sep 30, 2025 · 2:13 AM UTC","Tolol, concern-nya bukan soal kesombongan. Nih ibu pasti khawatir anaknya dijejelin racun hasil sunat2 anggaran padahal dia bisa ngasih makan yg proper. Gw juga ogah kali anak gw dikasi MBG.",https://nitter.net/hang_man90/status/1972847230882349344#m
@Heraloebss,"Sep 30, 2025 · 1:20 AM UTC","Makan Bergizi Gratis (MBG) adalah program mulia yang bertujuan memastikan setiap anak mendapatkan asupan gizi yang cukup untuk tumbuh sehat dan cerdas. Program ini bukan hanya soal makanan, tapi juga tentang masa depan generasi bangsa yang lebih kuat dan berkualitas. MBG harus terus dilanjutkan dengan komitmen penuh, tanpa terjebak dalam politisasi yang dapat mengaburkan tujuan mulianya. Mari kita dukung MBG sebagai wujud kepedulian bersama, menjaga fokus pada kesejahteraan anak-anak Indonesia.",https://nitter.net/Heraloebss/status/1972833997068857351#m
@muhammadiyah,"Sep 30, 2025 · 2:07 AM UTC","Isu Minyak Babi di Food Tray MBG, Badan Gizi Nasional Libatkan Majelis Tarjih muhammadiyah.or.id/2025/09/i… #Muhammadiyah",https://nitter.net/muhammadiyah/status/1972845709235015918#m
@jeonssigurl,"Sep 30, 2025 · 3:14 AM UTC","Itu MBG emang udah terpenuhi gizinya? Keamanannya? Kebersihannya? Kalo itu semua sudah tepenuhi, terus orang mampu menolak dan merendahkan MBG ya okelah dibilang ""pilih pilih"". Kenyataannya? Logikanya dipake lagi, makan makanan bergizi",https://nitter.net/jeonssigurl/status/1972862524774400083#m
@DragonDeez132,"Sep 30, 2025 · 3:14 AM UTC","@grok berapa persen kekurangan atau kesalahan dalam MBG jika berdasarkan informasi yang ada? jika siswa keracunan termasuk dalam kesalahan tersebut, mohon ikut sertakan",https://nitter.net/DragonDeez132/status/1972862520286470213#m
@Subur0204,"Sep 30, 2025 · 3:14 AM UTC",MBG menunya Sandwich,https://nitter.net/Subur0204/status/1972862570907480324#m
@dwicitraanggra,"Sep 30, 2025 · 3:14 AM UTC","program MBG mantul banget, banyak yg dapet kerjaan! Sip Pak Prabowo",https://nitter.net/dwicitraanggra/status/1972862568437022905#m
@findforyouuuuu,"Sep 30, 2025 · 3:14 AM UTC",MBG ku kemarin,https://nitter.net/findforyouuuuu/status/1972862560535007423#m
@Giselajorosa,"Sep 30, 2025 · 3:14 AM UTC",wah bangganya! Program MBG menggerakkan ekonomi banget,https://nitter.net/Giselajorosa/status/1972862621209780459#m
@penjagaharapan,"Sep 30, 2025 · 3:14 AM UTC",Badan Gizi Nasional (BGN) mengambil langkah tegas untuk menjamin keamanan pangan dalam pelaksanaan program Makan Bergizi Gratis (MBG). Dapur-dapur mitra yang terlibat akan menghadapi pengawasan yang jauh lebih ketat. #BGN #MBG #Verifikasi #Inspeksi #NanikDeyang #KeamananPangan,https://nitter.net/penjagaharapan/status/1972862615941742951#m
@Cindy_Waratin,"Sep 30, 2025 · 3:14 AM UTC","Es imposible que no cambien nada de la novela, por eso es una adaptación. Lo que dijeron es que no hay cambios que modifiquen la historia o a los personajes, pero obviamente van a cambiar algunas escenas o detalles, añadirán lo que sea necesario. El libro tal cual es imposible de reproducir exactamente igual porque es una novela muy introspectiva donde la mayor parte del tiempo estas leyendo los pensamientos de los personajes.",https://nitter.net/Cindy_Waratin/status/1972862608983093508#m
@sinar_lampung,"Sep 30, 2025 · 3:14 AM UTC","Diduga Keracunan MBG, Siswa SDN 06 Tulang Bawang Tengah Dilarikan Ke Rumah Sakit sinarlampung.co/2025/09/29/d…",https://nitter.net/sinar_lampung/status/1972862608689766896#m
@KemenperinRI,"Sep 29, 2025 · 9:11 AM UTC",Oh di China ada MBG juga?,https://nitter.net/KemenperinRI/status/1972589928338141594#m
@DragonDeez132,"Sep 30, 2025 · 3:14 AM UTC","@grok berapa persen kekurangan atau kesalahan dalam MBG jika berdasarkan informasi yang ada? jika siswa keracunan termasuk dalam kesalahan tersebut, mohon ikut sertakan",https://nitter.net/DragonDeez132/status/1972862641464062098#m
@saputro_vino2,"Sep 30, 2025 · 3:17 AM UTC",program MBG top! Banyak yg kerja gara-gara ini. Mantap pak prabowo,https://nitter.net/saputro_vino2/status/1972863377493111213#m
@kompascom,"Sep 30, 2025 · 3:17 AM UTC",Setiap sekolah penerima manfaat MBG diwajibkan menunjuk 1 sampai 3 orang guru sebagai penanggung jawab distribusi MBG. Setiap guru PIC akan menerima insentif sebesar Rp 100.000 per hari penugasan. Baca di sini: nasional.kompas.com/read/202… / #Guru #MakanBergiziGratis,https://nitter.net/kompascom/status/1972863377220538753#m
@MCAOps,"Sep 29, 2025 · 11:57 PM UTC",MBG,https://nitter.net/MCAOps/status/1972813000072683848#m
@mayatrianatw,"Sep 30, 2025 · 3:17 AM UTC","mbg top banget, banyak org dpt kerja krn program ini. Salut Pak Prabowo",https://nitter.net/mayatrianatw/status/1972863372078284934#m
@Julay_87_,"Sep 30, 2025 · 3:17 AM UTC","Saya sebagai guru menilai program MBG kurang pas untuk memajukan pendidikan.. Lebih baik membuat jembatan agar anak bisa bersekolah, fasilitas sekolah lebih diperbaiki.. Lebih bermanfaat dan hasilnya jangka panjang",https://nitter.net/Julay_87_/status/1972863358904000859#m
@CitraMelatiJ,"Sep 30, 2025 · 3:17 AM UTC",mbg bantu banyak org dpt kerja! Mantap kali pak Prabowo,https://nitter.net/CitraMelatiJ/status/1972863342785286411#m
@jazcokelat,"Sep 30, 2025 · 3:17 AM UTC","Masalahnya anak saya suka nangis dan g mau ikut belajar klo yg lain d kasih dia ngga.. jadi bingung gurunya 😏 skrg di grup WA sekolah, istri saya lagi bikin ajakan ke mamah2 lain untuk menolak MBG.. sudah 50% orang tua sepakat menolak MBG..",https://nitter.net/jazcokelat/status/1972863329036316887#m
@just_hanyay,"Sep 30, 2025 · 3:17 AM UTC",Pemerintah tutup dapur MBG yang sebabkan keracunan antaranews.com/berita/513949…,https://nitter.net/just_hanyay/status/1972863256567181495#m
@yvputriayu,"Sep 30, 2025 · 3:17 AM UTC",kereeen! Program MBG bawa berkah. Good job Pak Pra,https://nitter.net/yvputriayu/status/1972863427707330828#m
@farhanaptrayu,"Sep 30, 2025 · 3:17 AM UTC",berkahnya MBG hadirkan lapangan kerja baru. Sukses terus Pak Prabowo,https://nitter.net/farhanaptrayu/status/1972863422028296368#m
@Harian_Pilar,"Sep 30, 2025 · 3:17 AM UTC",Keselamatan Siswa Harus Jadi Prioritas dalam MBG harianpilar.com/2025/09/30/k… Ikuti Juga Berita - Berita Harian Pilar di : Ig : instagram.com/harianpilar_of… Twiter : nitter.net/Harian_Pilar Facebook : facebook.com/profile.php?id=… Tiktok : tiktok.com/@harianpilaroffic…,https://nitter.net/Harian_Pilar/status/1972863417406148924#m
@Harian_Pilar,"Sep 30, 2025 · 3:17 AM UTC","Anggota Komisi V DPRD Provinsi Lampung sekaligus Sekretaris Fraksi PKS, Syukron Muchtar, menyampaikan keprihatinan mendalam atas kasus keracunan massal yang dialami ratusan siswa akibat Program Makan Bergizi Gratis (MBG) di Lampung.",https://nitter.net/Harian_Pilar/status/1972863414897893601#m
@ccaffogato,"Sep 30, 2025 · 3:17 AM UTC",orang yang mempertahankan mbg tanpa evaluasi padahal sudah banyak kasus yang merugikan bahkan membuat sakit orang lain itu sakit jiwa,https://nitter.net/ccaffogato/status/1972863391149810124#m
@helenayumhrn1,"Sep 30, 2025 · 3:17 AM UTC",mantul! Program MBG tambah lowongan. Terima kasih pak Prabowo,https://nitter.net/helenayumhrn1/status/1972863460502634569#m
@bilqispuspaaan,"Sep 30, 2025 · 3:17 AM UTC","alhamdulillah, job opppor? Thanks to MBG! Luv u pak Prabowo",https://nitter.net/bilqispuspaaan/status/1972863454320202187#m
@penrem071_wk,"Sep 30, 2025 · 3:17 AM UTC","Dandim 0712 Tegal Laksanakan Pengecekan Dapur MBG SPPG di Slawi Tegal – Komandan Kodim 0712/Tegal Letkol Inf Rachmat Ferdiantono, S.H., M.Han., melaksanakan kegiatan monitoring dapur Makan Bergizi Gratis (MBG) yang dikelola Satuan Pelayanan Pemenuhan Gizi (SPPG) Slawi.",https://nitter.net/penrem071_wk/status/1972863438339915908#m
@nandaayuwij,"Sep 30, 2025 · 3:17 AM UTC","mbg mengubah hidup! Penuh syukur, thanks to Pak Prabowo",https://nitter.net/nandaayuwij/status/1972863436939051356#m
@PG_Kla_10,"Sep 30, 2025 · 3:18 AM UTC",Adalah hak warga negara utk menuntut sesuatu yg merugikan. Stop program MBG!!,https://nitter.net/PG_Kla_10/status/1972863528668434604#m
@maz_kloneng,"Sep 29, 2025 · 5:31 AM UTC",Pejamban mulut bau gorong2 otak proyek ngeretin duit negara lwt proyek mbg ngeracunin anak2 itu keturunan dajjal‼️,https://nitter.net/maz_kloneng/status/1972534640931131458#m
@linamelatirama,"Sep 30, 2025 · 3:18 AM UTC","ajaib, program MBG menolong banyak orang. Good job Pak Prabowo",https://nitter.net/linamelatirama/status/1972863500780540363#m
@FunJunkies,"Sep 28, 2025 · 4:17 AM UTC",Sekolah SPP 2 juta per bulan dipaksa ikut MBG 🤣🤣🤣,https://nitter.net/FunJunkies/status/1972153720575345012#m
@dafinaputriksm,"Sep 30, 2025 · 3:18 AM UTC","wah syukurlah, MBG ciptain peluang kerja! Hebat pak Prabowo",https://nitter.net/dafinaputriksm/status/1972863574856093958#m
@txtorangjualan,"Sep 30, 2025 · 3:18 AM UTC",s.shopee.co.id/50Q4HJ39j4 kasih lunch box Buat angkut sisa mbg kalau ga habis😅,https://nitter.net/txtorangjualan/status/1972863571798483180#m
@OposisiCerdas,"Sep 30, 2025 · 3:18 AM UTC","Viral! Murid di Cirebon Tiba-Tiba Mual Saat Cium Semangka dari Menu MBG, ini Penjelasan SPPG oposisicerdas.com/2025/09/vi…",https://nitter.net/OposisiCerdas/status/1972863543814111681#m
@EsbuahRedaksi,"Sep 30, 2025 · 3:18 AM UTC",Ribuan Siswa Keracunan Massal di Bandung Barat! Program Makan Bergizi Gratis Jadi Sorotan esbuah.id/nasional/229165941… #kasuskeracunanmassal #MBG #BGNTutupDapurBermasalah #KabupatenBandungBarat,https://nitter.net/EsbuahRedaksi/status/1972863616052531260#m
@sinar_lampung,"Sep 30, 2025 · 3:18 AM UTC","Kata Ketua Komisi I DPRD Tubaba soal Kasus Keracunan MBG: Dari Awal Sudah Ragu, Dapur Tak Layak, Menu Tak Sesuai Pagu sinarlampung.co/2025/09/29/k…",https://nitter.net/sinar_lampung/status/1972863591310319802#m
@lantip,"Sep 29, 2025 · 10:33 AM UTC","sebentar pak. dari berita 9 jam lalu, jumlah korban itu 8649 anak. kalau 8000 anak itu adalah 0,00017 persen, jadi penerima MBG itu sekitar 4 milyar anak lebih? ini apa ya yg dibilang buk setela bahwa program mbg bisa meningkatkan kemampuan matematika...",https://nitter.net/lantip/status/1972610578733765076#m
@divalestari330,"Sep 30, 2025 · 3:18 AM UTC",Ayo dukung program Makan Bergizi Gratis guna terciptanya generasi Indonesia Emas 2045 #KawalMBG #IndonesiaEmas2045 #ManfaatMBG #DukungMBG,https://nitter.net/divalestari330/status/1972863677687832982#m
@Isyaapertiwi,"Sep 30, 2025 · 3:18 AM UTC","bersyukur banyak yg kerja krn MBG, mantap Pak Prabowo",https://nitter.net/Isyaapertiwi/status/1972863676312146114#m
@kikiadnankarim,"Sep 30, 2025 · 3:19 AM UTC",Sebelumnya ribut orang Minang harus jadi pemimpin Indon. Sebelumnya ribut Indonesia harus berdasarkan hukum agama Islam setelah kejadian 17+8 dan Ferry CS serta MBG. 😅,https://nitter.net/kikiadnankarim/status/1972863771933876240#m
@divalestari330,"Sep 30, 2025 · 3:19 AM UTC",Ayo dukung program Makan Bergizi Gratis guna terciptanya generasi Indonesia Emas 2045 #KawalMBG #IndonesiaEmas2045 #ManfaatMBG #DukungMBG,https://nitter.net/divalestari330/status/1972863890678796691#m
@dimas_satura,"Sep 30, 2025 · 3:19 AM UTC","Presiden Prabowo menegaskan, semua Satuan Pelayanan Pemenuhan Gizi (SPPG) harus dilengkapi alat-alat cuci ultraviolet untuk membersihkan ompreng MBG.",https://nitter.net/dimas_satura/status/1972863947402629165#m
@dimas_satura,"Sep 30, 2025 · 3:19 AM UTC","Liputan6.com, Jakarta - Presiden Prabowo Subaianto memperketat standarisasi kebersihan dan keamanan dalam pelaksanaan program Makan Bergizi Gratis (MBG) untuk mencegah kasus keracunan terulang.",https://nitter.net/dimas_satura/status/1972863945318056338#m
@dimas_satura,"Sep 30, 2025 · 3:19 AM UTC","Cegah Kasus Keracunan MBG, Prabowo Tetapkan Standarisasi Kebersihan SPPG",https://nitter.net/dimas_satura/status/1972863943250198775#m
@MahadewaDharne,"Sep 30, 2025 · 3:19 AM UTC","Program ""terbaik "" yg pernah ada dinegri tercinta dgn hasil yg sangat ""baik "" 🙃 Saking bagus dan baiknya Program MBG ,mengakibatkan keracunan pada anak2 sekolah, Luar biasa MBG Yang Mulya Bapak Presiden ini?? Yg diuntungkan siapa ya ?? Mau lanjut terus ,dg istilah evaluasi ;",https://nitter.net/MahadewaDharne/status/1972863962229399906#m
@dimas_satura,"Sep 30, 2025 · 3:19 AM UTC","Dia menuturkan hingga kini MBG sudah disalurkan untuk 30 juta penerima manfaat, mulai dari anak-anak hingga ibu hamil. Prabowo mengakui masih ada kekurangan dan kasus keracunan dalam program MBG, namun jumlahya kecil.",https://nitter.net/dimas_satura/status/1972863957112414700#m
@ElvianaRizkiaa,"Sep 30, 2025 · 3:19 AM UTC",wow! Program MBG bikin lapangan kerja melejit. Gaspol pak Prabowo,https://nitter.net/ElvianaRizkiaa/status/1972863955954737235#m
@sinar_lampung,"Sep 30, 2025 · 3:19 AM UTC",Pihak Dapur MBG Minta Maaf dan Siap Evaluasi Total Usai Insiden SDN 06 Tulang Bawang Tengah sinarlampung.co/2025/09/29/p…,https://nitter.net/sinar_lampung/status/1972863952167252162#m
@geloraco,"Sep 29, 2025 · 5:33 PM UTC","Prabowo Sebut Kasus Keracunan MBG 0,0017 Persen, Dokter Tan: Nyawa Manusia Jangan Dianggap Statistik gelora.co/2025/09/prabowo-se…",https://nitter.net/geloraco/status/1972716295696388341#m
@detikcom,"Sep 30, 2025 · 3:04 AM UTC",Kasus keracunan di program Makanan Bergizi Gratis (MBG) sebenarnya dapat dicegah dengan menggunakan teknologi yang solutif. Ini dia beberapa usulannya! inet.detik.com/cyberlife/d-8…,https://nitter.net/detikcom/status/1972859948645433801#m
@sugiwa,"Sep 30, 2025 · 3:20 AM UTC","Knp jadi org miskin gak boleh makan sama org kaya? Duh, mesti banyak makan MBG bos biar pinter dan kaya.",https://nitter.net/sugiwa/status/1972864047134700011#m
@awinadr,"Sep 30, 2025 · 3:20 AM UTC","Ayo pak makan menu mbg nya. Tapi yang sama kayak yang di distribusikan ya, jangan yang disiapin khusus🌝",https://nitter.net/awinadr/status/1972864105661989325#m
@beautydyah,"Sep 30, 2025 · 3:20 AM UTC",Pak @prabowo. Sebenarnya program MBG itu untuk siswa sekolah yang mana?,https://nitter.net/beautydyah/status/1972864091502129440#m
@dellaannissaa,"Sep 30, 2025 · 3:20 AM UTC","Perbaikan kualitas MBG hari ini adalah investasi jangka panjang untuk mencetak generasi sehat, cerdas, dan tangguh. Bukan sekadar makan, tapi memastikan masa depan anak Indonesia lebih cerah. #MBG #MBGKalteng #IndonesiaSehat #GenerasiEmas",https://nitter.net/dellaannissaa/status/1972864089220366618#m
@syafrialusman,"Sep 30, 2025 · 3:20 AM UTC","Sekolah anak saya di SDN Dadap 4, kab Tangerang gak ngerasain MBG pdhl dkt jakarta",https://nitter.net/syafrialusman/status/1972864081997836325#m
@Dyasvi_anti,"Sep 30, 2025 · 3:20 AM UTC","Bukan itu substansinyaaaaaa! MBG nya kaga tepat sasaran! Buang2 duid 1 T kalo salah sasaran, gimana sih???",https://nitter.net/Dyasvi_anti/status/1972864079170781373#m
@weniTriMaharani,"Sep 30, 2025 · 3:20 AM UTC",thanks to MBG banyak yang terbantu dapat kerja! Keren Pak Prabowo,https://nitter.net/weniTriMaharani/status/1972864135038963961#m
@RizkiHidayataaa,"Sep 30, 2025 · 3:20 AM UTC","job creator banget ini MBG, salut bgt buat pak Prabowo",https://nitter.net/RizkiHidayataaa/status/1972864119880732932#m
@KangSemproel,"Sep 29, 2025 · 3:16 AM UTC",Gila.... Cuma 18% yang keserap 82 persen sisanya keselip dan bocor. Entah dimana 🙄 Makanya... para pelaksana MBG yg cowo harus pakai CD GTMan... karena CD GTMan yang Anti Selip.... Dan yang cewe harus pakai yang ada sayapnya... supaya anggaran ga bocor ke samping 😁,https://nitter.net/KangSemproel/status/1972500711394136308#m
@EdwardSevino,"Sep 30, 2025 · 3:20 AM UTC","Makan siang gratis, pilih wapres beler... 😁",https://nitter.net/EdwardSevino/status/1972864184963739666#m
@jalunoeradi,"Sep 29, 2025 · 4:23 AM UTC",MBG libur sehari aja udah bisa ikut SEA Games 120x,https://nitter.net/jalunoeradi/status/1972517623364772263#m
@FariF11737945,"Sep 30, 2025 · 3:25 AM UTC","Sekolah anak saya DIANCAM agar mau terima MBG, padahal dari awal sudah jelas menolak karena ini sekolah full day dan sudah ada makan siangnya sendiri.. PROGRAM BAHLUL!",https://nitter.net/FariF11737945/status/1972865358622306350#m
@DanarC42147,"Sep 30, 2025 · 3:25 AM UTC","alhamdulillah dapat MBG, semoga gak keracunan 😄🤣",https://nitter.net/DanarC42147/status/1972865344281948257#m
@wulandaritray,"Sep 30, 2025 · 3:25 AM UTC","alhamdulillah, dri MBG kerjaan jd bnyk. Luar biasa pak Prabowo",https://nitter.net/wulandaritray/status/1972865326200283332#m
@NasQorni,"Sep 30, 2025 · 3:25 AM UTC","Wahai pak presiden prabowo yang terhormat, sudah hentikan saja program MBG nya karena sangat tidak baik dan cuma menghamburkan uang negara dan kasihan anak² dan orang tuanya 🙄",https://nitter.net/NasQorni/status/1972865294403240156#m
@puspitaalstrii9,"Sep 30, 2025 · 3:25 AM UTC","salut, berkat MBG banyak warga terserap kerja. Terima kasih prabowo",https://nitter.net/puspitaalstrii9/status/1972865289537949827#m
@akuratco,"Sep 30, 2025 · 1:05 AM UTC","Ketua Komnas HAM, Anis Hidayah, menyoroti kasus keracunan massal dalam program Makan Bergizi Gratis (MBG). Ia menyebut pihaknya telah menerjunkan tim investigasi untuk mengumpulkan fakta dan informasi terkait dugaan pelanggaran hak asasi manusia. ""Terkait dengan MBG, ini Komnas HAM sudah mengumpulkan fakta dan informasi soal keracunan di berbagai wilayah,"" ujar Anis usai menghadiri rapat bersama Komisi XIII DPR di Kompleks Parlemen, Senayan, Jakarta, Senin (29/9/2025). Anis menegaskan hasil temuan sementara tim investigasi akan segera disampaikan ke publik dalam waktu 1–2 hari ke depan. Saat ini, Komnas HAM masih melakukan proses identifikasi kasus serta memetakan potensi pelanggaran yang terjadi. Selain itu, Anis menyampaikan pihaknya akan berkoordinasi dengan Badan Gizi Nasional (BGN) serta sejumlah instansi terkait lainnya untuk menindaklanjuti hasil investigasi tersebut.",https://nitter.net/akuratco/status/1972830231212998947#m
@ANuraniseh36459,"Sep 30, 2025 · 3:25 AM UTC",Loe pahami dulu sasaran MBG itu siapa..sekolah apa..dimana..? Kalau sekolah2 yang mahal...makan siang nya mereka juga mahal..apa mau dikasih juga ke mereka..?? Makanya tuh MBG harusnya ke tempat2 yg sulit terjangkau kesejahteraan... Kalau gini mah keliatan MBG utk bisnis,https://nitter.net/ANuraniseh36459/status/1972865400569573617#m
@varisaMegaS,"Sep 30, 2025 · 3:25 AM UTC","program MBG bikin hidup jadi lebih baik. Kerja dmn2. Good job, Prabowo",https://nitter.net/varisaMegaS/status/1972865417975906527#m
@lingua101,"Sep 30, 2025 · 3:26 AM UTC","Gagal paham dia. Itu pertanyaan anak nya bagus tuh. Apakah bunda gak mampu, sampe dia mesti makan MBG 🤔😂. Ente paham ga bang @oddypratama4",https://nitter.net/lingua101/status/1972865484283646303#m
@titicahyaUtami,"Sep 30, 2025 · 3:26 AM UTC","alhamdulillah, dengan MBG masyarakat jadi punya penghasilan. Mantap",https://nitter.net/titicahyaUtami/status/1972865536183914969#m
@Harian_Pilar,"Sep 30, 2025 · 3:26 AM UTC",Pemred Club meminta pihak Istana Kepresidenan memulihkan akses peliputan jurnalis yang dicabut gara-gara dianggap salah bertanya soal masalah banyaknya pelajar yang keracunan Makan Bergizi Gratis (MBG) kepada Presiden Prabowo,https://nitter.net/Harian_Pilar/status/1972865510334398886#m
@carloamarrieta,"Sep 30, 2025 · 3:26 AM UTC","alhamdulillah, program MBG keren abis! Salut buat pak prabowo",https://nitter.net/carloamarrieta/status/1972865505318072768#m
@MissionArtemis,"Sep 30, 2025 · 3:26 AM UTC",my coworker had to teach her children to check the food before eating mbg. this is so dystopian. why the gov get away with poisoning our children?,https://nitter.net/MissionArtemis/status/1972865572884083103#m
@hnirankara,"Sep 29, 2025 · 5:00 AM UTC","Mending kau mundur anjing jadi stafsus, ada kasus keracunan gini bukannya problem solving malah mainan teori konspirasi. Lu itu stafsus, lu ada akses ke si ndut. Harusnya lu nawarin solusi, entah itu audit total MBG dan tetekmbengeknya, entah itu investigasi langsung ke pemegang tender. Najis banget jadi stafsus mending mundur aja lo taik",https://nitter.net/hnirankara/status/1972526906328367390#m
@HBayanihan,"Sep 30, 2025 · 3:26 AM UTC","Iya,pendapat anak kecil itu benar,MBG itu untuk anak miskin,kalau orang kaya sudah tentu orang tuanya beri yg bergizi,jadi bantuan harus tepat sasaran mengingat negara kitapun masih krisis,mungkin lebih baik didata siapa yg pantas menerimanya dan dalam bentuk uang jajan saja",https://nitter.net/HBayanihan/status/1972865564348661976#m
@hotbin_s,"Sep 30, 2025 · 3:26 AM UTC",Sepertinya ada dpt salam tempel makanya dia keberatan stop MBG,https://nitter.net/hotbin_s/status/1972865621923909878#m
@aditya_permanaS,"Sep 30, 2025 · 3:26 AM UTC","Gausah sekolah elit, anak saya aja yg sekolah d SD negeri kampung saya larang makan MBG",https://nitter.net/aditya_permanaS/status/1972865610985164930#m
@choijuliwa,"Sep 30, 2025 · 3:26 AM UTC",NGAKAK MBG 😭 Mending makan sendiri daripada dapet mbg. Nanti keracunan,https://nitter.net/choijuliwa/status/1972865593691996606#m
@PemkotaBogor,"Sep 30, 2025 · 3:26 AM UTC","Evaluasi MBG se-Jabar, Pemda Bisa Ikut Awasi Pelaksanaan is.gd/mmiZZ6 #Pemkotbogor",https://nitter.net/PemkotaBogor/status/1972865651263037833#m
@SantorinisSun,"Sep 29, 2025 · 4:20 AM UTC",Video ini ada ketika MBG mulai berjalan di bln Januari 2025. Dari saat itu sebenarnya sdh banyak yg memberi usul soal pemberdayaan kantin yg ada di lingkup sekolah masing-masing. Dan akhirnya terbukti kalo dapur MBG banyak yg keteteran melayani kurleb 3.000 porsi tiap hari.,https://nitter.net/SantorinisSun/status/1972516890481487962#m
@Safrudin_09,"Sep 30, 2025 · 3:27 AM UTC",Enak diajak MBG satu meja sama Ahok dan Jokowi tanpa target...🫢 😃,https://nitter.net/Safrudin_09/status/1972865748226981906#m
@TeinjiDeWulf,"Sep 29, 2025 · 11:21 PM UTC","Trus keracunan mbg, gibran mati, dan jokowi nangis guling2 di tanah",https://nitter.net/TeinjiDeWulf/status/1972804058990919909#m
@m_warung59390,"Sep 30, 2025 · 3:27 AM UTC","Buatkan papan informasi di masing2 sekolah penerima MBG. Informasi tsbt harus memuat * Nama, alamat, no telp penanggung jawab * nama cheff yg betanggung jawab Dst",https://nitter.net/m_warung59390/status/1972865853348884586#m
@Outstandjing,"Sep 29, 2025 · 1:43 PM UTC","Gak mau ditanya MBG, terus emang pengennya ditanya apa? Tentang prestasi di-notice sama Netanyahu gitu ?",https://nitter.net/Outstandjing/status/1972658501412327701#m
@SuaraTrenggalek,"Sep 30, 2025 · 3:27 AM UTC","Bahkan, tim redaksi Suara Trenggalek juga mendapat salinan surat dari salah satu SMP di Trenggalek yang melarang para siswanya mengunggah kekurangan menu MBG di media sosial. #trenggalek #mbg #makanbergizigratis #sppg #sppi suaratrenggalek.com/menu-mak…",https://nitter.net/SuaraTrenggalek/status/1972865838433948036#m
@baramenggema,"Sep 29, 2025 · 5:05 PM UTC","everything wrong abt MBG, 7 jurusan fisip ver. 1. kom: PR gone wrong (that 0.0017%??) 2. pol: program populis 3. krim: state crime 4. hi: develomentalisme gone wrong 5. antrop: biokultural gone wrong 6. kesos: welfare program gone wrong 7. sos: structural functionalist gone wrong",https://nitter.net/baramenggema/status/1972709323139850668#m
@civil_cociety,"Sep 30, 2025 · 3:27 AM UTC",Banggar itu mending menyelidiki dapur MBG yang fiktif2 itu aja..,https://nitter.net/civil_cociety/status/1972865928338805210#m
@Ozy62075,"Sep 30, 2025 · 3:27 AM UTC","Kalau diganti uang,,,namanya bukan Makan Bergizi Gratis lagi,tapii,,,,,Uang Makan,",https://nitter.net/Ozy62075/status/1972865924027019422#m
@dodoremisol,"Sep 30, 2025 · 3:27 AM UTC","Pagi2 dah masak aja lu, Min. Awas ya kalo masakan lu beracun juga kek MBG!!",https://nitter.net/dodoremisol/status/1972865908067762515#m
@RadioIdolaSMG,"Sep 30, 2025 · 3:27 AM UTC","#TopicOfTheDay #Podcasts : Presiden Menekankan Keselamatan Anak Merupakan Prioritas Utama dalam Program MBG, Lalu Bagaimana Memastikan Implementasinya? radioidola.com/2025/presiden… lewat @RadioIdolaSMG",https://nitter.net/RadioIdolaSMG/status/1972865965911314554#m
@B3doel___,"Sep 29, 2025 · 10:38 AM UTC","Puluhan siswa SMPN 4 Pamarican, Desa Sukajadi, Kecamatan Pamarican, Kabupaten Ciamis, Jawa Barat, diduga mengalami keracunan usai menyantap menu Makan Bergizi Gratis (MBG), Senin (29/9/2025). Pantauan di lapangan, sejumlah siswa dari satu kelas terlihat menunjukkan gejala keracunan, seperti sakit perut dan lemas. Petugas medis dari Puskesmas Kertahayu dan Pamarican langsung memberikan pertolongan, bahkan dua ambulans dikerahkan untuk mengevakuasi para siswa. Selain itu, ambulans desa juga turut membantu proses evakuasi. Hingga berita ini diunggah, belum ada keterangan resmi mengenai jumlah pasti siswa yang terdampak. Namun pihak sekolah memastikan keracunan hanya terjadi pada satu kelas. Hal ini lantaran distribusi MBG baru mencukupi untuk satu kelas, sementara kelas lainnya belum menerima jatah makanan.",https://nitter.net/B3doel___/status/1972612032500531519#m
@Wahyu9,"Sep 30, 2025 · 3:28 AM UTC","Ya Bu, apalagi MBG nya gak enak, gak jelas gizinya, kadang basi, resiko keracunan",https://nitter.net/Wahyu9/status/1972865993019208189#m
@rmbantencom,"Sep 30, 2025 · 3:27 AM UTC",rajamedia.co/berita/komisi-x…,https://nitter.net/rmbantencom/status/1972865986782167410#m
@SatriaPrata20ac,"Sep 30, 2025 · 3:28 AM UTC","thanks to MBG, peluang kerja makin banyak. Good job pak Prabowo",https://nitter.net/SatriaPrata20ac/status/1972866045502427605#m
@beatshuguet354,"Sep 30, 2025 · 3:28 AM UTC","MBG program mulia, benahi sistemnya",https://nitter.net/beatshuguet354/status/1972866116369453259#m
@IndonesiaCrowd,"Sep 30, 2025 · 3:28 AM UTC",Pemprov Kepri Tutup 2 SPPG Bermasalah di Karimun Usai Keracunan MBG ift.tt/wOVt9j4,https://nitter.net/IndonesiaCrowd/status/1972866158748405777#m
@IndonesiaCrowd,"Sep 30, 2025 · 3:28 AM UTC","BGN Nonaktifkan 56 Dapur MBG Pasca Keracunan, Termasuk SPPG Kota Kupang! ift.tt/KXPr7Dg",https://nitter.net/IndonesiaCrowd/status/1972866152528298345#m
@windakusmdw,"Sep 30, 2025 · 3:28 AM UTC","wah, banyak yg dpt kerja dr MBG! Makasih pak prabowo",https://nitter.net/windakusmdw/status/1972866130030346336#m
@f_fathur,"Sep 28, 2025 · 7:44 AM UTC","Melihat MBG, Reformasi Polri, Tim Independen Pencari Fakta, dll.. Manusia di ciptakan dengan akal dan pemikiran, Kalau hanya bicara tapi enggak punya karya itu namanya Omdo alias omong doang.. ""Karena Perjuangan adalah Pelaksanaan Kata Kata"" -WS.Rendra- @Battou_King",https://nitter.net/f_fathur/status/1972205842251632982#m
@vita_AVP,"Sep 30, 2025 · 3:28 AM UTC",Sudah jatuh tertimpa tangga se genteng2nya. share.google/4ilcBdxGWrXyy0F…,https://nitter.net/vita_AVP/status/1972866109218210019#m
@nyai_bawi,"Sep 30, 2025 · 3:28 AM UTC","Anak sehat, belajar semangat! Program Makan Bergizi Gratis hadir untuk masa depan generasi emas.#MakanBergiziGratis #GenerasiSehat #IndonesiaMaju #IndonesiaTerang",https://nitter.net/nyai_bawi/status/1972866185780941063#m
@democrazymedia,"Sep 30, 2025 · 1:00 AM UTC","MBG di Boyolali Disabotase: Ratusan Paket Ditarik, Ada Orang Asing Masuk Kelas! democrazy.id/2025/09/mbg-di-…",https://nitter.net/democrazymedia/status/1972828748723491201#m
@nyai_bawi,"Sep 30, 2025 · 3:28 AM UTC","Perbaikan MBG hari ini, adalah investasi kesehatan anak bangsa untuk masa depan yang lebih cerah.#MakanBergiziGratis #GenerasiSehat #IndonesiaMaju #IndonesiaTerang",https://nitter.net/nyai_bawi/status/1972866214927233133#m
@OposisiCerdas,"Sep 28, 2025 · 10:21 PM UTC",Jumhur Hidayat: Orang yang Berniat Hilangkan MBG itu Penjahat oposisicerdas.com/2025/09/ju…,https://nitter.net/OposisiCerdas/status/1972426550630142322#m
@IreneLim177,"Sep 30, 2025 · 3:29 AM UTC",Menkeu sudah mulai memonitor serapan anggaran MBG agar tidak banyak yg bocor..,https://nitter.net/IreneLim177/status/1972866276696764474#m
@AdayangViralnic,"Sep 30, 2025 · 3:29 AM UTC",Pemerintah Ambil Enam Langkah Strategis Perbaiki Program MBG Pasca KLB. Pemerintah akan bertindak transparan dan akuntabel agar masyarakat yakin bahwa makanan dalam program MBG aman dikonsumsi #MBG #GiziUntukGenerasi #KesehatanAnakPrioritas,https://nitter.net/AdayangViralnic/status/1972866275824292329#m
@rmbantencom,"Sep 30, 2025 · 3:29 AM UTC",Program Makan Bergizi Gratis (MBG) disarankan pakai skema hibrida: terpusat lewat SPPG di kota padat & berbasis sekolah di daerah terpencil. 👉 @hetifah: harus fleksibel & sesuai kondisi sekolah. #MakanBergiziGratis #DPR #Kemenkes rajamedia.co/berita/komisi-x…,https://nitter.net/rmbantencom/status/1972866261337202869#m
@AdayangViralnic,"Sep 30, 2025 · 3:29 AM UTC",Pemerintah Ambil Enam Langkah Strategis Perbaiki Program MBG Pasca KLB. Pemerintah akan bertindak transparan dan akuntabel agar masyarakat yakin bahwa makanan dalam program MBG aman dikonsumsi #MBG #GiziUntukGenerasi #KesehatanAnakPrioritas,https://nitter.net/AdayangViralnic/status/1972866307738698021#m
@GunRomli,"Sep 29, 2025 · 11:37 AM UTC","Masih ada keracunan MBG hari ini. Padahal sudah menjadi keprihatinan nasional. Presiden sudah merespon. Tapi, tetap saja ada keracunan. Karena setiap pelanggaran tidak ada sanksi. Makanya diremehkan. Yg penting dapat cuan.",https://nitter.net/GunRomli/status/1972626898577744353#m
